Country,Date,Player,Mins,Pos,Gls,Ast,PKwon,PK,PKatt,Shots,SoT,TklW,CrdY,CrdR,OG,GA,Saves,Save%,PK Non SO Conceded,PK SO scorer,GK PK SO saves
Japan,2019-09-10,Takumi Minamino,76,FW,1,0,,0,0,,,,0,0,0,0,NA,NA,NA,NA,NA
Japan,2019-09-10,Musashi Suzuki,14,"FW,MF",0,0,,0,0,,,,0,0,0,0,NA,NA,NA,NA,NA
Japan,2019-09-10,Hiroki Sakai,90,AM,0,0,,0,0,,,,0,0,0,0,NA,NA,NA,NA,NA
Japan,2019-09-10,Yuya Osako,90,AM,0,0,,0,0,,,,0,0,0,0,NA,NA,NA,NA,NA
Japan,2019-09-10,Ritsu Doan,65,AM,0,1,,0,0,,,,0,0,0,0,NA,NA,NA,NA,NA
Japan,2019-09-10,Junya Ito,25,"FW,MF",0,0,,0,0,,,,0,0,0,0,NA,NA,NA,NA,NA
Japan,2019-09-10,Shoya Nakajima,80,DM,1,0,,0,0,,,,0,0,0,0,NA,NA,NA,NA,NA
Japan,2019-09-10,Takefusa Kubo,10,"FW,MF",0,0,,0,0,,,,0,0,0,0,NA,NA,NA,NA,NA
Japan,2019-09-10,Kento Hashimoto,90,DM,0,0,,0,0,,,,0,0,0,0,NA,NA,NA,NA,NA
Japan,2019-09-10,Yuto Nagatomo,90,LB,0,0,,0,0,,,,0,0,0,0,NA,NA,NA,NA,NA
Japan,2019-09-10,Maya Yoshida,90,CB,0,0,,0,0,,,,0,0,0,0,NA,NA,NA,NA,NA
Japan,2019-09-10,Gaku Shibasaki,90,CB,0,0,,0,0,,,,0,0,0,0,NA,NA,NA,NA,NA
Japan,2019-09-10,Takehiro Tomiyasu,90,RB,0,1,,0,0,,,,0,0,0,0,NA,NA,NA,NA,NA
Japan,2019-09-10,Shūichi Gonda,90,GK,0,0,,0,0,,,,0,0,0,0,,,0,NA,0
Japan,2019-10-10,Kensuke Nagai,69,FW,1,0,,0,0,,,,0,0,0,0,NA,NA,NA,NA,NA
Japan,2019-10-10,Genki Haraguchi,21,"FW,MF",0,0,,0,0,,,,0,0,0,0,NA,NA,NA,NA,NA
Japan,2019-10-10,Shoya Nakajima,90,AM,0,1,,0,0,,,,0,0,0,0,NA,NA,NA,NA,NA
Japan,2019-10-10,Takumi Minamino,60,AM,1,0,,0,0,,,,0,0,0,0,NA,NA,NA,NA,NA
Japan,2019-10-10,Daichi Kamada,30,"FW,MF",1,0,,0,0,,,,0,0,0,0,NA,NA,NA,NA,NA
Japan,2019-10-10,Junya Ito,90,AM,0,3,,0,0,,,,0,0,0,0,NA,NA,NA,NA,NA
Japan,2019-10-10,Gaku Shibasaki,90,DM,0,0,,0,0,,,,0,0,0,0,NA,NA,NA,NA,NA
Japan,2019-10-10,Wataru Endo,90,DM,1,0,,0,0,,,,0,0,0,0,NA,NA,NA,NA,NA
Japan,2019-10-10,Yuto Nagatomo,90,LB,1,0,,0,0,,,,0,0,0,0,NA,NA,NA,NA,NA
Japan,2019-10-10,Maya Yoshida,90,CB,1,0,,0,0,,,,0,0,0,0,NA,NA,NA,NA,NA
Japan,2019-10-10,Takehiro Tomiyasu,90,CB,0,0,,0,0,,,,0,0,0,0,NA,NA,NA,NA,NA
Japan,2019-10-10,Hiroki Sakai,56,RB,0,1,,0,0,,,,0,0,0,0,NA,NA,NA,NA,NA
Japan,2019-10-10,Koki Anzai,34,DF,0,0,,0,0,,,,0,0,0,0,NA,NA,NA,NA,NA
Japan,2019-10-10,Shūichi Gonda,90,GK,0,0,,0,0,,,,0,0,0,0,,,0,NA,0
Japan,2019-10-15,Daichi Kamada,79,FW,0,0,,0,0,,,,0,0,0,0,NA,NA,NA,NA,NA
Japan,2019-10-15,Kensuke Nagai,11,"FW,MF",0,0,,0,0,,,,0,0,0,0,NA,NA,NA,NA,NA
Japan,2019-10-15,Takumi Minamino,86,FW,2,0,,0,0,,,,0,0,0,0,NA,NA,NA,NA,NA
Japan,2019-10-15,Takefusa Kubo,4,"FW,MF",0,0,,0,0,,,,0,0,0,0,NA,NA,NA,NA,NA
Japan,2019-10-15,Shoya Nakajima,62,LW,0,1,,0,0,,,,0,0,0,0,NA,NA,NA,NA,NA
Japan,2019-10-15,Takuma Asano,28,"FW,MF",1,0,,0,0,,,,0,0,0,0,NA,NA,NA,NA,NA
Japan,2019-10-15,Ritsu Doan,90,RW,0,0,,0,0,,,,0,0,0,0,NA,NA,NA,NA,NA
Japan,2019-10-15,Kento Hashimoto,90,CM,0,0,,0,0,,,,0,0,0,0,NA,NA,NA,NA,NA
Japan,2019-10-15,Gaku Shibasaki,90,CM,0,0,,0,0,,,,0,0,0,0,NA,NA,NA,NA,NA
Japan,2019-10-15,Yuto Nagatomo,90,LB,0,0,,0,0,,,,0,0,0,0,NA,NA,NA,NA,NA
Japan,2019-10-15,Maya Yoshida,90,CB,0,0,,0,0,,,,0,0,0,0,NA,NA,NA,NA,NA
Japan,2019-10-15,Naomichi Ueda,90,CB,0,0,,0,0,,,,0,0,0,0,NA,NA,NA,NA,NA
Japan,2019-10-15,Hiroki Sakai,90,RB,0,2,,0,0,,,,0,0,0,0,NA,NA,NA,NA,NA
Japan,2019-10-15,Shūichi Gonda,90,GK,0,0,,0,0,,,,0,0,0,0,,,0,NA,0
Japan,2019-11-14,Kensuke Nagai,86,FW,0,0,,0,0,,,,0,0,0,0,NA,NA,NA,NA,NA
Japan,2019-11-14,Musashi Suzuki,4,"FW,MF",0,0,,0,0,,,,0,0,0,0,NA,NA,NA,NA,NA
Japan,2019-11-14,Genki Haraguchi,90,AM,1,0,,0,0,,,,0,0,0,0,NA,NA,NA,NA,NA
Japan,2019-11-14,Takumi Minamino,90,AM,1,0,,1,1,,,,0,0,0,0,NA,NA,NA,NA,NA
Japan,2019-11-14,Junya Ito,77,AM,0,0,,0,0,,,,0,0,0,0,NA,NA,NA,NA,NA
Japan,2019-11-14,Shoya Nakajima,13,"FW,MF",0,0,,0,0,,,,0,0,0,0,NA,NA,NA,NA,NA
Japan,2019-11-14,Wataru Endo,77,DM,0,0,,0,0,,,,1,0,0,0,NA,NA,NA,NA,NA
Japan,2019-11-14,Hotaru Yamaguchi,13,MF,0,0,,0,0,,,,0,0,0,0,NA,NA,NA,NA,NA
Japan,2019-11-14,Gaku Shibasaki,90,DM,0,0,,0,0,,,,0,0,0,0,NA,NA,NA,NA,NA
Japan,2019-11-14,Yuto Nagatomo,90,LB,0,0,,0,0,,,,0,0,0,0,NA,NA,NA,NA,NA
Japan,2019-11-14,Maya Yoshida,90,CB,0,0,,0,0,,,,0,0,0,0,NA,NA,NA,NA,NA
Japan,2019-11-14,Naomichi Ueda,90,CB,0,0,,0,0,,,,0,0,0,0,NA,NA,NA,NA,NA
Japan,2019-11-14,Hiroki Sakai,90,RB,0,0,,0,0,,,,0,0,0,0,NA,NA,NA,NA,NA
Japan,2019-11-14,Shūichi Gonda,90,GK,0,0,,0,0,,,,0,0,0,0,,,0,NA,0
Japan,2019-11-19,Musashi Suzuki,45,FW,0,0,,0,0,,,,0,0,0,4,NA,NA,NA,NA,NA
Japan,2019-11-19,Kyogo Furuhashi,45,"FW,MF",0,0,,0,0,,,,0,0,0,4,NA,NA,NA,NA,NA
Japan,2019-11-19,Takuma Asano,64,FW,0,0,,0,0,,,,0,0,0,4,NA,NA,NA,NA,NA
Japan,2019-11-19,Kensuke Nagai,26,"FW,MF",0,1,,0,0,,,,0,0,0,4,NA,NA,NA,NA,NA
Japan,2019-11-19,Shoya Nakajima,90,LW,0,0,,0,0,,,,0,0,0,4,NA,NA,NA,NA,NA
Japan,2019-11-19,Genki Haraguchi,81,RW,0,0,,0,0,,,,0,0,0,4,NA,NA,NA,NA,NA
Japan,2019-11-19,Yosuke Ideguchi,9,MF,0,0,,0,0,,,,0,0,0,4,NA,NA,NA,NA,NA
Japan,2019-11-19,Gaku Shibasaki,90,CM,0,0,,0,0,,,,0,0,0,4,NA,NA,NA,NA,NA
Japan,2019-11-19,Kento Hashimoto,64,CM,0,0,,0,0,,,,1,0,0,4,NA,NA,NA,NA,NA
Japan,2019-11-19,Hotaru Yamaguchi,26,MF,1,0,,0,0,,,,0,0,0,4,NA,NA,NA,NA,NA
Japan,2019-11-19,Sho Sasaki,90,LB,0,0,,0,0,,,,1,0,0,4,NA,NA,NA,NA,NA
Japan,2019-11-19,Shinnosuke Hatanaka,90,CB,0,0,,0,0,,,,0,0,0,4,NA,NA,NA,NA,NA
Japan,2019-11-19,Naomichi Ueda,45,CB,0,0,,0,0,,,,0,0,0,4,NA,NA,NA,NA,NA
Japan,2019-11-19,Genta Miura,45,DF,0,0,,0,0,,,,0,0,0,4,NA,NA,NA,NA,NA
Japan,2019-11-19,Sei Muroya,90,RB,0,0,,0,0,,,,0,0,0,4,NA,NA,NA,NA,NA
Japan,2019-11-19,Eiji Kawashima,90,GK,0,0,,0,0,,,,0,0,0,4,,,0,NA,0
Japan,2020-10-09,Yuya Osako,90,FW,0,0,,0,0,,,,0,0,0,0,NA,NA,NA,NA,NA
Japan,2020-10-09,Genki Haraguchi,85,AM,0,0,,0,0,,,,1,0,0,0,NA,NA,NA,NA,NA
Japan,2020-10-09,Yukinari Sugawara,5,"DF,FW",0,0,,0,0,,,,0,0,0,0,NA,NA,NA,NA,NA
Japan,2020-10-09,Takumi Minamino,70,AM,0,0,,0,0,,,,0,0,0,0,NA,NA,NA,NA,NA
Japan,2020-10-09,Daichi Kamada,20,"FW,MF",0,0,,0,0,,,,0,0,0,0,NA,NA,NA,NA,NA
Japan,2020-10-09,Ritsu Doan,64,AM,0,0,,0,0,,,,0,0,0,0,NA,NA,NA,NA,NA
Japan,2020-10-09,Takefusa Kubo,26,"FW,MF",0,0,,0,0,,,,0,0,0,0,NA,NA,NA,NA,NA
Japan,2020-10-09,Yuta Nakayama,90,DM,0,0,,0,0,,,,0,0,0,0,NA,NA,NA,NA,NA
Japan,2020-10-09,Gaku Shibasaki,90,DM,0,0,,0,0,,,,0,0,0,0,NA,NA,NA,NA,NA
Japan,2020-10-09,Koki Anzai,45,LB,0,0,,0,0,,,,0,0,0,0,NA,NA,NA,NA,NA
Japan,2020-10-09,Junya Ito,45,"FW,MF",0,0,,0,0,,,,0,0,0,0,NA,NA,NA,NA,NA
Japan,2020-10-09,Maya Yoshida,90,CB,0,0,,0,0,,,,0,0,0,0,NA,NA,NA,NA,NA
Japan,2020-10-09,Takehiro Tomiyasu,90,CB,0,0,,0,0,,,,1,0,0,0,NA,NA,NA,NA,NA
Japan,2020-10-09,Hiroki Sakai,90,RB,0,0,,0,0,,,,0,0,0,0,NA,NA,NA,NA,NA
Japan,2020-10-09,Shūichi Gonda,90,GK,0,0,,0,0,,,,0,0,0,0,,,0,NA,0
Japan,2020-10-13,Musashi Suzuki,72,FW,0,0,,0,0,,,,0,0,0,0,NA,NA,NA,NA,NA
Japan,2020-10-13,Genki Haraguchi,18,"FW,MF",0,0,,0,0,,,,0,0,0,0,NA,NA,NA,NA,NA
Japan,2020-10-13,Takefusa Kubo,60,AM,0,0,,0,0,,,,0,0,0,0,NA,NA,NA,NA,NA
Japan,2020-10-13,Takumi Minamino,30,"FW,MF",0,0,,0,0,,,,0,0,0,0,NA,NA,NA,NA,NA
Japan,2020-10-13,Daichi Kamada,90,AM,0,0,,0,0,,,,0,0,0,0,NA,NA,NA,NA,NA
Japan,2020-10-13,Junya Ito,84,AM,0,0,,0,0,,,,0,0,0,0,NA,NA,NA,NA,NA
Japan,2020-10-13,Ritsu Doan,6,"FW,MF",0,0,,0,0,,,,0,0,0,0,NA,NA,NA,NA,NA
Japan,2020-10-13,Gaku Shibasaki,90,DM,0,1,,0,0,,,,0,0,0,0,NA,NA,NA,NA,NA
Japan,2020-10-13,Wataru Endo,90,DM,0,0,,0,0,,,,0,0,0,0,NA,NA,NA,NA,NA
Japan,2020-10-13,Yuta Nakayama,90,LB,0,0,,0,0,,,,0,0,0,0,NA,NA,NA,NA,NA
Japan,2020-10-13,Takehiro Tomiyasu,90,CB,0,0,,0,0,,,,0,0,0,0,NA,NA,NA,NA,NA
Japan,2020-10-13,Maya Yoshida,90,CB,0,0,,0,0,,,,0,0,0,0,NA,NA,NA,NA,NA
Japan,2020-10-13,Sei Muroya,88,RB,0,0,,0,0,,,,0,0,0,0,NA,NA,NA,NA,NA
Japan,2020-10-13,Naomichi Ueda,2,DF,1,0,,0,0,,,,0,0,0,0,NA,NA,NA,NA,NA
Japan,2020-10-13,Daniel Schmidt,90,GK,0,0,,0,0,,,,0,0,0,0,,,0,NA,0
Japan,2020-11-13,Takumi Minamino,71,FW,1,0,,1,1,,,,0,0,0,0,NA,NA,NA,NA,NA
Japan,2020-11-13,Takuma Asano,19,"FW,MF",0,0,,0,0,,,,0,0,0,0,NA,NA,NA,NA,NA
Japan,2020-11-13,Koji Miyoshi,90,FW,0,0,,0,0,,,,1,0,0,0,NA,NA,NA,NA,NA
Japan,2020-11-13,Takefusa Kubo,70,FW,0,0,,0,0,,,,0,0,0,0,NA,NA,NA,NA,NA
Japan,2020-11-13,Daichi Kamada,20,"FW,MF",0,0,,0,0,,,,0,0,0,0,NA,NA,NA,NA,NA
Japan,2020-11-13,Yuto Nagatomo,57,LM,0,0,,0,0,,,,0,0,0,0,NA,NA,NA,NA,NA
Japan,2020-11-13,Genki Haraguchi,33,"FW,MF",0,0,,0,0,,,,0,0,0,0,NA,NA,NA,NA,NA
Japan,2020-11-13,Kento Hashimoto,45,CM,0,0,,0,0,,,,0,0,0,0,NA,NA,NA,NA,NA
Japan,2020-11-13,Wataru Endo,45,"DF,MF",0,0,,0,0,,,,0,0,0,0,NA,NA,NA,NA,NA
Japan,2020-11-13,Gaku Shibasaki,81,CM,0,0,,0,0,,,,0,0,0,0,NA,NA,NA,NA,NA
Japan,2020-11-13,Yuta Nakayama,9,"DF,MF",0,0,,0,0,,,,0,0,0,0,NA,NA,NA,NA,NA
Japan,2020-11-13,Sei Muroya,81,RM,0,0,,0,0,,,,1,0,0,0,NA,NA,NA,NA,NA
Japan,2020-11-13,Hiroki Sakai,9,"DF,MF",0,0,,0,0,,,,0,0,0,0,NA,NA,NA,NA,NA
Japan,2020-11-13,Ko Itakura,90,CB,0,0,,0,0,,,,0,0,0,0,NA,NA,NA,NA,NA
Japan,2020-11-13,Maya Yoshida,90,CB,0,0,,0,0,,,,0,0,0,0,NA,NA,NA,NA,NA
Japan,2020-11-13,Naomichi Ueda,90,CB,0,0,,0,0,,,,0,0,0,0,NA,NA,NA,NA,NA
Japan,2020-11-13,Shūichi Gonda,90,GK,0,0,,0,0,,,,0,0,0,0,,,0,NA,0
Japan,2020-11-17,Musashi Suzuki,56,FW,0,0,,0,0,,,,1,0,0,2,NA,NA,NA,NA,NA
Japan,2020-11-17,Takumi Minamino,34,"FW,MF",0,0,,0,0,,,,0,0,0,2,NA,NA,NA,NA,NA
Japan,2020-11-17,Daichi Kamada,76,FW,0,0,,0,0,,,,1,0,0,2,NA,NA,NA,NA,NA
Japan,2020-11-17,Takuma Asano,14,"FW,MF",0,0,,0,0,,,,0,0,0,2,NA,NA,NA,NA,NA
Japan,2020-11-17,Junya Ito,84,FW,0,0,,0,0,,,,0,0,0,2,NA,NA,NA,NA,NA
Japan,2020-11-17,Koji Miyoshi,6,"FW,MF",0,0,,0,0,,,,0,0,0,2,NA,NA,NA,NA,NA
Japan,2020-11-17,Genki Haraguchi,71,LM,0,0,,0,0,,,,0,0,0,2,NA,NA,NA,NA,NA
Japan,2020-11-17,Takefusa Kubo,19,"FW,MF",0,0,,0,0,,,,0,0,0,2,NA,NA,NA,NA,NA
Japan,2020-11-17,Gaku Shibasaki,56,CM,0,0,,0,0,,,,0,0,0,2,NA,NA,NA,NA,NA
Japan,2020-11-17,Kento Hashimoto,34,MF,0,0,,0,0,,,,0,0,0,2,NA,NA,NA,NA,NA
Japan,2020-11-17,Wataru Endo,90,CM,0,0,,0,0,,,,0,0,0,2,NA,NA,NA,NA,NA
Japan,2020-11-17,Yuta Nakayama,90,RM,0,0,,0,0,,,,1,0,0,2,NA,NA,NA,NA,NA
Japan,2020-11-17,Maya Yoshida,90,CB,0,0,,0,0,,,,0,0,0,2,NA,NA,NA,NA,NA
Japan,2020-11-17,Hiroki Sakai,90,CB,0,0,,0,0,,,,1,0,0,2,NA,NA,NA,NA,NA
Japan,2020-11-17,Takehiro Tomiyasu,90,CB,0,0,,0,0,,,,0,0,0,2,NA,NA,NA,NA,NA
Japan,2020-11-17,Daniel Schmidt,90,GK,0,0,,0,0,,,,0,0,0,2,,,0,NA,0
Mexico,2020-11-17,Raúl Jiménez,63,FW,1,0,,0,0,,,,0,0,0,0,NA,NA,NA,NA,NA
Mexico,2020-11-17,Henry Martín,27,FW,0,1,,0,0,,,,0,0,0,0,NA,NA,NA,NA,NA
Mexico,2020-11-17,Rodolfo Pizarro,88,FW,0,0,,0,0,,,,0,0,0,0,NA,NA,NA,NA,NA
Mexico,2020-11-17,Diego Lainez,2,"FW,MF",0,0,,0,0,,,,0,0,0,0,NA,NA,NA,NA,NA
Mexico,2020-11-17,Hirving Lozano,81,FW,1,0,,0,0,,,,1,0,0,0,NA,NA,NA,NA,NA
Mexico,2020-11-17,Roberto Alvarado,9,"FW,MF",0,0,,0,0,,,,0,0,0,0,NA,NA,NA,NA,NA
Mexico,2020-11-17,Orbelín Pineda,63,CM,0,0,,0,0,,,,0,0,0,0,NA,NA,NA,NA,NA
Mexico,2020-11-17,Uriel Antuna,27,"FW,MF",0,0,,0,0,,,,1,0,0,0,NA,NA,NA,NA,NA
Mexico,2020-11-17,Charly Rodríguez,45,CM,0,0,,0,0,,,,0,0,0,0,NA,NA,NA,NA,NA
Mexico,2020-11-17,Edson Álvarez,45,"DF,MF",0,0,,0,0,,,,0,0,0,0,NA,NA,NA,NA,NA
Mexico,2020-11-17,Luis Romo,90,DM,0,0,,0,0,,,,0,0,0,0,NA,NA,NA,NA,NA
Mexico,2020-11-17,Jesús Gallardo,45,LB,0,0,,0,0,,,,1,0,0,0,NA,NA,NA,NA,NA
Mexico,2020-11-17,Luis Alfonso Rodríguez,45,"DF,MF",0,0,,0,0,,,,0,0,0,0,NA,NA,NA,NA,NA
Mexico,2020-11-17,Héctor Moreno,90,CB,0,0,,0,0,,,,0,0,0,0,NA,NA,NA,NA,NA
Mexico,2020-11-17,Néstor Araujo,90,CB,0,0,,0,0,,,,0,0,0,0,NA,NA,NA,NA,NA
Mexico,2020-11-17,Jorge Eduardo Sánchez,90,RB,0,0,,0,0,,,,0,0,0,0,NA,NA,NA,NA,NA
Mexico,2020-11-17,Guillermo Ochoa,90,GK,0,0,,0,0,,,,0,0,0,0,,,0,NA,0
Japan,2021-03-25,Yuya Osako,76,FW,0,2,,0,0,,,,0,0,0,0,NA,NA,NA,NA,NA
Japan,2021-03-25,Takuma Asano,14,"FW,MF",0,0,,0,0,,,,0,0,0,0,NA,NA,NA,NA,NA
Japan,2021-03-25,Takumi Minamino,85,AM,0,0,,0,0,,,,0,0,0,0,NA,NA,NA,NA,NA
Japan,2021-03-25,Yasuto Wakizaka,5,MF,0,0,,0,0,,,,0,0,0,0,NA,NA,NA,NA,NA
Japan,2021-03-25,Daichi Kamada,45,AM,1,0,,0,0,,,,0,0,0,0,NA,NA,NA,NA,NA
Japan,2021-03-25,Ataru Esaka,45,"FW,MF",0,1,,0,0,,,,0,0,0,0,NA,NA,NA,NA,NA
Japan,2021-03-25,Junya Ito,73,AM,0,0,,0,0,,,,0,0,0,0,NA,NA,NA,NA,NA
Japan,2021-03-25,Kyogo Furuhashi,17,"FW,MF",0,0,,0,0,,,,0,0,0,0,NA,NA,NA,NA,NA
Japan,2021-03-25,Wataru Endo,90,DM,1,0,,0,0,,,,0,0,0,0,NA,NA,NA,NA,NA
Japan,2021-03-25,Hidemasa Morita,85,DM,0,0,,0,0,,,,0,0,0,0,NA,NA,NA,NA,NA
Japan,2021-03-25,Hayao Kawabe,5,MF,0,0,,0,0,,,,0,0,0,0,NA,NA,NA,NA,NA
Japan,2021-03-25,Sho Sasaki,65,LB,0,0,,0,0,,,,0,0,0,0,NA,NA,NA,NA,NA
Japan,2021-03-25,Ryoya Ogawa,25,"DF,MF",0,0,,0,0,,,,0,0,0,0,NA,NA,NA,NA,NA
Japan,2021-03-25,Takehiro Tomiyasu,90,CB,0,0,,0,0,,,,0,0,0,0,NA,NA,NA,NA,NA
Japan,2021-03-25,Maya Yoshida,90,CB,0,0,,0,0,,,,0,0,0,0,NA,NA,NA,NA,NA
Japan,2021-03-25,Miki Yamane,90,RB,1,0,,0,0,,,,0,0,0,0,NA,NA,NA,NA,NA
Japan,2021-03-25,Shūichi Gonda,90,GK,0,0,,0,0,,,,0,0,0,0,,,0,NA,0
Korea Republic,2021-03-25,Na Sang-ho,45,FW,0,0,,0,0,,,,0,0,0,,NA,NA,NA,NA,NA
Korea Republic,2021-03-25,Jeong Woo-yeong,45,"FW,MF",0,0,,0,0,,,,0,0,0,,NA,NA,NA,NA,NA
Korea Republic,2021-03-25,Lee Dongjun,90,FW,0,0,,0,0,,,,0,0,0,,NA,NA,NA,NA,NA
Korea Republic,2021-03-25,Lee Kang-in,45,FW,0,0,,0,0,,,,0,0,0,,NA,NA,NA,NA,NA
Korea Republic,2021-03-25,Lee Jeong-hyeop,45,FW,0,0,,0,0,,,,0,0,0,,NA,NA,NA,NA,NA
Korea Republic,2021-03-25,Hong Chul,90,LM,0,0,,0,0,,,,0,0,0,,NA,NA,NA,NA,NA
Korea Republic,2021-03-25,Nam Tae-hee,81,CM,0,0,,0,0,,,,0,0,0,,NA,NA,NA,NA,NA
Korea Republic,2021-03-25,Kim In-sung,9,MF,0,0,,0,0,,,,0,0,0,,NA,NA,NA,NA,NA
Korea Republic,2021-03-25,Jung Woo-young,75,CM,0,0,,0,0,,,,0,0,0,,NA,NA,NA,NA,NA
Korea Republic,2021-03-25,Lee Donggyeong,15,"FW,MF",0,0,,0,0,,,,0,0,0,,NA,NA,NA,NA,NA
Korea Republic,2021-03-25,Kim Tae-hwan,90,RM,0,0,,0,0,,,,0,0,0,,NA,NA,NA,NA,NA
Korea Republic,2021-03-25,Park Ji-soo,90,CB,0,0,,0,0,,,,0,0,0,,NA,NA,NA,NA,NA
Korea Republic,2021-03-25,Kim Young-gwon,90,CB,0,0,,0,0,,,,0,0,0,,NA,NA,NA,NA,NA
Korea Republic,2021-03-25,Won Du-jae,61,CB,0,0,,0,0,,,,0,0,0,,NA,NA,NA,NA,NA
Korea Republic,2021-03-25,Lee Jin-hyun,29,MF,0,0,,0,0,,,,0,0,0,,NA,NA,NA,NA,NA
Korea Republic,2021-03-25,Jo Hyeon-woo,45,GK,0,0,,0,0,,,,0,0,0,,,,0,NA,0
Korea Republic,2021-03-25,Kim Seung-gyu,45,GK,0,0,,0,0,,,,0,0,0,,,,0,NA,0
Japan,2021-03-30,Yuya Osako,90,FW,3,1,,0,0,,,,0,0,0,0,NA,NA,NA,NA,NA
Japan,2021-03-30,Takumi Minamino,70,AM,1,0,,0,0,,,,0,0,0,0,NA,NA,NA,NA,NA
Japan,2021-03-30,Kyogo Furuhashi,20,"FW,MF",2,0,,0,0,,,,0,0,0,0,NA,NA,NA,NA,NA
Japan,2021-03-30,Daichi Kamada,62,AM,1,1,,0,0,,,,0,0,0,0,NA,NA,NA,NA,NA
Japan,2021-03-30,Sho Inagaki,28,MF,2,0,,0,0,,,,0,0,0,0,NA,NA,NA,NA,NA
Japan,2021-03-30,Junya Ito,90,AM,2,3,,0,0,,,,0,0,0,0,NA,NA,NA,NA,NA
Japan,2021-03-30,Hidemasa Morita,45,DM,1,0,,0,0,,,,0,0,0,0,NA,NA,NA,NA,NA
Japan,2021-03-30,Takuma Asano,45,"FW,MF",1,1,,0,0,,,,0,0,0,0,NA,NA,NA,NA,NA
Japan,2021-03-30,Wataru Endo,90,DM,0,0,,0,0,,,,0,0,0,0,NA,NA,NA,NA,NA
Japan,2021-03-30,Ryoya Ogawa,90,LB,0,0,,0,0,,,,0,0,0,0,NA,NA,NA,NA,NA
Japan,2021-03-30,Takehiro Tomiyasu,70,CB,0,0,,0,0,,,,0,0,0,0,NA,NA,NA,NA,NA
Japan,2021-03-30,Shinnosuke Hatanaka,20,DF,0,0,,0,0,,,,0,0,0,0,NA,NA,NA,NA,NA
Japan,2021-03-30,Maya Yoshida,62,CB,0,1,,0,0,,,,0,0,0,0,NA,NA,NA,NA,NA
Japan,2021-03-30,Shinnosuke Nakatani,28,DF,0,0,,0,0,,,,0,0,0,0,NA,NA,NA,NA,NA
Japan,2021-03-30,Ken Matsubara,90,RB,0,2,,0,0,,,,0,0,0,0,NA,NA,NA,NA,NA
Japan,2021-03-30,Shūichi Gonda,90,GK,0,0,,0,0,,,,0,0,0,0,,,0,NA,0
Japan,2021-05-28,Yuya Osako,90,FW,5,1,,1,1,,,,0,0,0,0,NA,NA,NA,NA,NA
Japan,2021-05-28,Takumi Minamino,90,AM,2,3,,0,0,,,,0,0,0,0,NA,NA,NA,NA,NA
Japan,2021-05-28,Daichi Kamada,90,AM,1,1,,0,0,,,,0,0,0,0,NA,NA,NA,NA,NA
Japan,2021-05-28,Junya Ito,78,AM,0,0,,0,0,,,,0,0,0,0,NA,NA,NA,NA,NA
Japan,2021-05-28,Takuma Asano,12,"FW,MF",0,0,,0,0,,,,0,0,0,0,NA,NA,NA,NA,NA
Japan,2021-05-28,Hidemasa Morita,61,DM,1,0,,0,0,,,,0,0,0,0,NA,NA,NA,NA,NA
Japan,2021-05-28,Genki Haraguchi,29,"FW,MF",0,0,,0,0,,,,0,0,0,0,NA,NA,NA,NA,NA
Japan,2021-05-28,Wataru Endo,69,DM,0,0,,0,0,,,,1,0,0,0,NA,NA,NA,NA,NA
Japan,2021-05-28,Kento Hashimoto,21,MF,0,0,,0,0,,,,0,0,0,0,NA,NA,NA,NA,NA
Japan,2021-05-28,Yuto Nagatomo,90,LB,0,2,,0,0,,,,0,0,0,0,NA,NA,NA,NA,NA
Japan,2021-05-28,Maya Yoshida,45,CB,0,0,,0,0,,,,0,0,0,0,NA,NA,NA,NA,NA
Japan,2021-05-28,Naomichi Ueda,45,DF,0,0,,0,0,,,,0,0,0,0,NA,NA,NA,NA,NA
Japan,2021-05-28,Ko Itakura,90,CB,1,0,,0,0,,,,0,0,0,0,NA,NA,NA,NA,NA
Japan,2021-05-28,Hiroki Sakai,45,RB,0,0,,0,0,,,,0,0,0,0,NA,NA,NA,NA,NA
Japan,2021-05-28,Sei Muroya,45,"DF,MF",0,2,,0,0,,,,0,0,0,0,NA,NA,NA,NA,NA
Japan,2021-05-28,Eiji Kawashima,90,GK,0,0,,0,0,,,,0,0,0,0,,,0,NA,0
Japan,2021-06-07,Takuma Asano,73,FW,0,0,,0,0,,,,0,0,0,1,NA,NA,NA,NA,NA
Japan,2021-06-07,Shogo Taniguchi,17,"DF,MF",0,0,,0,0,,,,0,0,0,1,NA,NA,NA,NA,NA
Japan,2021-06-07,Takumi Minamino,45,AM,1,0,,0,0,,,,0,0,0,1,NA,NA,NA,NA,NA
Japan,2021-06-07,Daichi Kamada,45,"FW,MF",0,0,,0,0,,,,0,0,0,1,NA,NA,NA,NA,NA
Japan,2021-06-07,Kyogo Furuhashi,90,AM,1,1,,0,0,,,,1,0,0,1,NA,NA,NA,NA,NA
Japan,2021-06-07,Genki Haraguchi,45,AM,0,0,,0,0,,,,0,0,0,1,NA,NA,NA,NA,NA
Japan,2021-06-07,Tatsuhiro Sakamoto,45,"FW,MF",0,0,,0,0,,,,0,0,0,1,NA,NA,NA,NA,NA
Japan,2021-06-07,Kento Hashimoto,67,DM,1,0,,0,0,,,,1,0,0,1,NA,NA,NA,NA,NA
Japan,2021-06-07,Hidemasa Morita,23,MF,0,0,,0,0,,,,0,0,0,1,NA,NA,NA,NA,NA
Japan,2021-06-07,Hayao Kawabe,90,DM,1,0,,0,0,,,,0,0,0,1,NA,NA,NA,NA,NA
Japan,2021-06-07,Sho Sasaki,61,LB,0,0,,0,0,,,,0,0,0,1,NA,NA,NA,NA,NA
Japan,2021-06-07,Ryoya Ogawa,29,"DF,MF",0,0,,0,0,,,,0,0,0,1,NA,NA,NA,NA,NA
Japan,2021-06-07,Gen Shoji,90,CB,0,0,,0,0,,,,0,0,0,1,NA,NA,NA,NA,NA
Japan,2021-06-07,Shinnosuke Nakatani,90,CB,0,0,,0,0,,,,0,0,0,1,NA,NA,NA,NA,NA
Japan,2021-06-07,Miki Yamane,90,RB,0,1,,0,0,,,,0,0,0,1,NA,NA,NA,NA,NA
Japan,2021-06-07,Shūichi Gonda,90,GK,0,0,,0,0,,,,0,0,0,1,,,0,NA,0
Japan,2021-06-11,Kyogo Furuhashi,45,FW,0,0,,0,0,,,,0,0,0,0,NA,NA,NA,NA,NA
Japan,2021-06-11,Ado Onaiwu,45,"FW,MF",0,0,,0,0,,,,0,0,0,0,NA,NA,NA,NA,NA
Japan,2021-06-11,Takumi Minamino,81,AM,0,0,,0,0,,,,0,0,0,0,NA,NA,NA,NA,NA
Japan,2021-06-11,Genki Haraguchi,9,"FW,MF",0,0,,0,0,,,,0,0,0,0,NA,NA,NA,NA,NA
Japan,2021-06-11,Daichi Kamada,90,AM,0,0,,0,0,,,,0,0,0,0,NA,NA,NA,NA,NA
Japan,2021-06-11,Junya Ito,75,AM,1,0,,0,0,,,,0,0,0,0,NA,NA,NA,NA,NA
Japan,2021-06-11,Takuma Asano,15,"FW,MF",0,0,,0,0,,,,0,0,0,0,NA,NA,NA,NA,NA
Japan,2021-06-11,Hidemasa Morita,90,DM,0,0,,0,0,,,,0,0,0,0,NA,NA,NA,NA,NA
Japan,2021-06-11,Kento Hashimoto,45,DM,0,0,,0,0,,,,0,0,0,0,NA,NA,NA,NA,NA
Japan,2021-06-11,Hayao Kawabe,45,MF,0,0,,0,0,,,,0,0,0,0,NA,NA,NA,NA,NA
Japan,2021-06-11,Yuto Nagatomo,81,LB,0,0,,0,0,,,,0,0,0,0,NA,NA,NA,NA,NA
Japan,2021-06-11,Ryoya Ogawa,9,"DF,MF",0,0,,0,0,,,,0,0,0,0,NA,NA,NA,NA,NA
Japan,2021-06-11,Shogo Taniguchi,90,CB,0,1,,0,0,,,,0,0,0,0,NA,NA,NA,NA,NA
Japan,2021-06-11,Naomichi Ueda,90,CB,0,0,,0,0,,,,0,0,0,0,NA,NA,NA,NA,NA
Japan,2021-06-11,Sei Muroya,64,RB,0,0,,0,0,,,,0,0,0,0,NA,NA,NA,NA,NA
Japan,2021-06-11,Miki Yamane,26,"DF,MF",0,0,,0,0,,,,0,0,0,0,NA,NA,NA,NA,NA
Japan,2021-06-11,Shūichi Gonda,90,GK,0,0,,0,0,,,,0,0,0,0,,,0,NA,0
Japan,2021-06-15,Ado Onaiwu,68,FW,3,0,,1,1,,,,0,0,0,1,NA,NA,NA,NA,NA
Japan,2021-06-15,Sho Sasaki,22,DF,1,0,,0,0,,,,0,0,0,1,NA,NA,NA,NA,NA
Japan,2021-06-15,Genki Haraguchi,61,AM,0,0,,0,0,,,,0,0,0,1,NA,NA,NA,NA,NA
Japan,2021-06-15,Kyogo Furuhashi,29,"FW,MF",0,1,,0,0,,,,0,0,0,1,NA,NA,NA,NA,NA
Japan,2021-06-15,Takuma Asano,90,AM,1,0,,0,0,,,,0,0,0,1,NA,NA,NA,NA,NA
Japan,2021-06-15,Tatsuhiro Sakamoto,90,AM,0,1,,0,0,,,,0,0,0,1,NA,NA,NA,NA,NA
Japan,2021-06-15,Hidemasa Morita,60,DM,0,0,,0,0,,,,0,0,0,1,NA,NA,NA,NA,NA
Japan,2021-06-15,Kento Hashimoto,30,MF,0,0,,0,0,,,,0,0,0,1,NA,NA,NA,NA,NA
Japan,2021-06-15,Hayao Kawabe,90,DM,0,1,,0,0,,,,0,0,0,1,NA,NA,NA,NA,NA
Japan,2021-06-15,Ryoya Ogawa,90,LB,0,1,,0,0,,,,0,0,0,1,NA,NA,NA,NA,NA
Japan,2021-06-15,Gen Shoji,90,CB,0,0,,0,0,,,,0,0,0,1,NA,NA,NA,NA,NA
Japan,2021-06-15,Shinnosuke Nakatani,90,CB,0,0,,0,0,,,,0,0,0,1,NA,NA,NA,NA,NA
Japan,2021-06-15,Miki Yamane,75,RB,0,0,,0,0,,,,0,0,0,1,NA,NA,NA,NA,NA
Japan,2021-06-15,Sei Muroya,15,"DF,MF",0,0,,0,0,,,,0,0,0,1,NA,NA,NA,NA,NA
Japan,2021-06-15,Eiji Kawashima,90,GK,0,0,,0,0,,,,0,0,0,1,,,0,NA,0
Japan,2021-09-02,Yuya Osako,90,FW,0,0,,0,0,,,,0,0,0,1,NA,NA,NA,NA,NA
Japan,2021-09-02,Genki Haraguchi,45,AM,0,0,,0,0,,,,0,0,0,1,NA,NA,NA,NA,NA
Japan,2021-09-02,Kyogo Furuhashi,45,"FW,MF",0,0,,0,0,,,,0,0,0,1,NA,NA,NA,NA,NA
Japan,2021-09-02,Daichi Kamada,69,AM,0,0,,0,0,,,,0,0,0,1,NA,NA,NA,NA,NA
Japan,2021-09-02,Takefusa Kubo,21,"FW,MF",0,0,,0,0,,,,0,0,0,1,NA,NA,NA,NA,NA
Japan,2021-09-02,Junya Ito,62,AM,0,0,,0,0,,,,1,0,0,1,NA,NA,NA,NA,NA
Japan,2021-09-02,Ritsu Doan,28,"FW,MF",0,0,,0,0,,,,0,0,0,1,NA,NA,NA,NA,NA
Japan,2021-09-02,Gaku Shibasaki,90,DM,0,0,,0,0,,,,0,0,0,1,NA,NA,NA,NA,NA
Japan,2021-09-02,Wataru Endo,90,DM,0,0,,0,0,,,,0,0,0,1,NA,NA,NA,NA,NA
Japan,2021-09-02,Yuto Nagatomo,90,LB,0,0,,0,0,,,,0,0,0,1,NA,NA,NA,NA,NA
Japan,2021-09-02,Maya Yoshida,90,CB,0,0,,0,0,,,,0,0,0,1,NA,NA,NA,NA,NA
Japan,2021-09-02,Naomichi Ueda,90,CB,0,0,,0,0,,,,0,0,0,1,NA,NA,NA,NA,NA
Japan,2021-09-02,Hiroki Sakai,90,RB,0,0,,0,0,,,,0,0,0,1,NA,NA,NA,NA,NA
Japan,2021-09-02,Shūichi Gonda,90,GK,0,0,,0,0,,,,0,0,0,1,,,0,NA,0
Japan,2021-09-07,Yuya Osako,90,FW,1,0,,0,0,,,,0,0,0,0,NA,NA,NA,NA,NA
Japan,2021-09-07,Kyogo Furuhashi,49,AM,0,0,,0,0,,,,0,0,0,0,NA,NA,NA,NA,NA
Japan,2021-09-07,Genki Haraguchi,41,"FW,MF",0,0,,0,0,,,,0,0,0,0,NA,NA,NA,NA,NA
Japan,2021-09-07,Takefusa Kubo,90,AM,0,0,,0,0,,,,0,0,0,0,NA,NA,NA,NA,NA
Japan,2021-09-07,Junya Ito,75,AM,0,1,,0,0,,,,1,0,0,0,NA,NA,NA,NA,NA
Japan,2021-09-07,Daichi Kamada,15,"FW,MF",0,0,,0,0,,,,0,0,0,0,NA,NA,NA,NA,NA
Japan,2021-09-07,Gaku Shibasaki,90,DM,0,0,,0,0,,,,0,0,0,0,NA,NA,NA,NA,NA
Japan,2021-09-07,Wataru Endo,90,DM,0,0,,0,0,,,,0,0,0,0,NA,NA,NA,NA,NA
Japan,2021-09-07,Yuto Nagatomo,87,LB,0,0,,0,0,,,,0,0,0,0,NA,NA,NA,NA,NA
Japan,2021-09-07,Sho Sasaki,3,DF,0,0,,0,0,,,,0,0,0,0,NA,NA,NA,NA,NA
Japan,2021-09-07,Takehiro Tomiyasu,90,CB,0,0,,0,0,,,,0,0,0,0,NA,NA,NA,NA,NA
Japan,2021-09-07,Maya Yoshida,90,CB,0,0,,0,0,,,,0,0,0,0,NA,NA,NA,NA,NA
Japan,2021-09-07,Sei Muroya,90,RB,0,0,,0,0,,,,0,0,0,0,NA,NA,NA,NA,NA
Japan,2021-09-07,Shūichi Gonda,90,GK,0,0,,0,0,,,,0,0,0,0,,,0,NA,0
Japan,2021-10-07,Yuya Osako,90,FW,0,0,,0,0,,,,0,0,0,1,NA,NA,NA,NA,NA
Japan,2021-10-07,Takumi Minamino,58,AM,0,0,,0,0,,,,0,0,0,1,NA,NA,NA,NA,NA
Japan,2021-10-07,Kyogo Furuhashi,32,"FW,MF",0,0,,0,0,,,,0,0,0,1,NA,NA,NA,NA,NA
Japan,2021-10-07,Daichi Kamada,72,AM,0,0,,0,0,,,,0,0,0,1,NA,NA,NA,NA,NA
Japan,2021-10-07,Ado Onaiwu,18,"FW,MF",0,0,,0,0,,,,0,0,0,1,NA,NA,NA,NA,NA
Japan,2021-10-07,Takuma Asano,58,AM,0,0,,0,0,,,,0,0,0,1,NA,NA,NA,NA,NA
Japan,2021-10-07,Genki Haraguchi,32,"FW,MF",0,0,,0,0,,,,0,0,0,1,NA,NA,NA,NA,NA
Japan,2021-10-07,Gaku Shibasaki,90,DM,0,0,,0,0,,,,0,0,0,1,NA,NA,NA,NA,NA
Japan,2021-10-07,Wataru Endo,90,DM,0,0,,0,0,,,,0,0,0,1,NA,NA,NA,NA,NA
Japan,2021-10-07,Yuto Nagatomo,89,LB,0,0,,0,0,,,,0,0,0,1,NA,NA,NA,NA,NA
Japan,2021-10-07,Yuta Nakayama,1,"DF,MF",0,0,,0,0,,,,0,0,0,1,NA,NA,NA,NA,NA
Japan,2021-10-07,Takehiro Tomiyasu,90,CB,0,0,,0,0,,,,0,0,0,1,NA,NA,NA,NA,NA
Japan,2021-10-07,Maya Yoshida,90,CB,0,0,,0,0,,,,0,0,0,1,NA,NA,NA,NA,NA
Japan,2021-10-07,Hiroki Sakai,90,RB,0,0,,0,0,,,,0,0,0,1,NA,NA,NA,NA,NA
Japan,2021-10-07,Shūichi Gonda,90,GK,0,0,,0,0,,,,0,0,0,1,,,0,NA,0
Japan,2021-10-12,Yuya Osako,60,FW,0,0,,0,0,,,,0,0,0,1,NA,NA,NA,NA,NA
Japan,2021-10-12,Kyogo Furuhashi,30,"FW,MF",0,0,,0,0,,,,0,0,0,1,NA,NA,NA,NA,NA
Japan,2021-10-12,Takumi Minamino,77,FW,0,0,,0,0,,,,0,0,0,1,NA,NA,NA,NA,NA
Japan,2021-10-12,Takuma Asano,13,"FW,MF",0,0,,0,0,,,,0,0,0,1,NA,NA,NA,NA,NA
Japan,2021-10-12,Junya Ito,90,FW,0,0,,0,0,,,,0,0,0,1,NA,NA,NA,NA,NA
Japan,2021-10-12,Hidemasa Morita,84,CM,0,0,,0,0,,,,1,0,0,1,NA,NA,NA,NA,NA
Japan,2021-10-12,Gaku Shibasaki,6,MF,0,0,,0,0,,,,0,0,0,1,NA,NA,NA,NA,NA
Japan,2021-10-12,Ao Tanaka,90,CM,1,0,,0,0,,,,0,0,0,1,NA,NA,NA,NA,NA
Japan,2021-10-12,Wataru Endo,90,DM,0,0,,0,0,,,,0,0,0,1,NA,NA,NA,NA,NA
Japan,2021-10-12,Yuto Nagatomo,84,LB,0,0,,0,0,,,,0,0,0,1,NA,NA,NA,NA,NA
Japan,2021-10-12,Yuta Nakayama,6,"DF,MF",0,0,,0,0,,,,0,0,0,1,NA,NA,NA,NA,NA
Japan,2021-10-12,Takehiro Tomiyasu,90,CB,0,0,,0,0,,,,0,0,0,1,NA,NA,NA,NA,NA
Japan,2021-10-12,Maya Yoshida,90,CB,0,0,,0,0,,,,0,0,0,1,NA,NA,NA,NA,NA
Japan,2021-10-12,Hiroki Sakai,90,RB,0,0,,0,0,,,,0,0,0,1,NA,NA,NA,NA,NA
Japan,2021-10-12,Shūichi Gonda,90,GK,0,0,,0,0,,,,0,0,0,1,,,0,NA,0
Japan,2021-11-16,Yuya Osako,87,FW,0,0,,0,0,,,,0,0,0,0,NA,NA,NA,NA,NA
Japan,2021-11-16,Genki Haraguchi,3,"FW,MF",0,0,,0,0,,,,0,0,0,0,NA,NA,NA,NA,NA
Japan,2021-11-16,Takumi Minamino,61,FW,0,0,,0,0,,,,0,0,0,0,NA,NA,NA,NA,NA
Japan,2021-11-16,Kyogo Furuhashi,29,"FW,MF",0,0,,0,0,,,,0,0,0,0,NA,NA,NA,NA,NA
Japan,2021-11-16,Junya Ito,81,FW,1,0,,0,0,,,,0,0,0,0,NA,NA,NA,NA,NA
Japan,2021-11-16,Takuma Asano,9,"FW,MF",0,0,,0,0,,,,0,0,0,0,NA,NA,NA,NA,NA
Japan,2021-11-16,Ao Tanaka,90,CM,0,0,,0,0,,,,0,0,0,0,NA,NA,NA,NA,NA
Japan,2021-11-16,Gaku Shibasaki,45,CM,0,0,,0,0,,,,0,0,0,0,NA,NA,NA,NA,NA
Japan,2021-11-16,Kaoru Mitoma,45,"FW,MF",0,1,,0,0,,,,0,0,0,0,NA,NA,NA,NA,NA
Japan,2021-11-16,Wataru Endo,90,DM,0,0,,0,0,,,,1,0,0,0,NA,NA,NA,NA,NA
Japan,2021-11-16,Yuto Nagatomo,61,LB,0,0,,0,0,,,,0,0,0,0,NA,NA,NA,NA,NA
Japan,2021-11-16,Yuta Nakayama,29,"DF,MF",0,0,,0,0,,,,0,0,0,0,NA,NA,NA,NA,NA
Japan,2021-11-16,Takehiro Tomiyasu,90,CB,0,0,,0,0,,,,0,0,0,0,NA,NA,NA,NA,NA
Japan,2021-11-16,Maya Yoshida,90,CB,0,0,,0,0,,,,0,0,0,0,NA,NA,NA,NA,NA
Japan,2021-11-16,Miki Yamane,90,RB,0,0,,0,0,,,,0,0,0,0,NA,NA,NA,NA,NA
Japan,2021-11-16,Shūichi Gonda,90,GK,0,0,,0,0,,,,0,0,0,0,,,0,NA,0
Japan,2022-01-27,Yuya Osako,57,FW,1,0,,1,1,,,,0,0,0,0,NA,NA,NA,NA,NA
Japan,2022-01-27,Daizen Maeda,33,"FW,MF",0,0,,0,0,,,,0,0,0,0,NA,NA,NA,NA,NA
Japan,2022-01-27,Takumi Minamino,84,FW,0,0,,0,0,,,,0,0,0,0,NA,NA,NA,NA,NA
Japan,2022-01-27,Genki Haraguchi,6,"FW,MF",0,0,,0,0,,,,0,0,0,0,NA,NA,NA,NA,NA
Japan,2022-01-27,Junya Ito,84,FW,1,0,,0,0,,,,0,0,0,0,NA,NA,NA,NA,NA
Japan,2022-01-27,Ritsu Doan,6,"FW,MF",0,0,,0,0,,,,0,0,0,0,NA,NA,NA,NA,NA
Japan,2022-01-27,Hidemasa Morita,90,CM,0,0,,0,0,,,,0,0,0,0,NA,NA,NA,NA,NA
Japan,2022-01-27,Ao Tanaka,90,CM,0,0,,0,0,,,,0,0,0,0,NA,NA,NA,NA,NA
Japan,2022-01-27,Wataru Endo,72,DM,0,0,,0,0,,,,0,0,0,0,NA,NA,NA,NA,NA
Japan,2022-01-27,Takefusa Kubo,18,"FW,MF",0,0,,0,0,,,,0,0,0,0,NA,NA,NA,NA,NA
Japan,2022-01-27,Yuto Nagatomo,57,LB,0,0,,0,0,,,,0,0,0,0,NA,NA,NA,NA,NA
Japan,2022-01-27,Yuta Nakayama,33,"DF,MF",0,0,,0,0,,,,0,0,0,0,NA,NA,NA,NA,NA
Japan,2022-01-27,Ko Itakura,90,CB,0,0,,0,0,,,,0,0,0,0,NA,NA,NA,NA,NA
Japan,2022-01-27,Shogo Taniguchi,90,CB,0,0,,0,0,,,,0,0,0,0,NA,NA,NA,NA,NA
Japan,2022-01-27,Hiroki Sakai,90,RB,0,0,,0,0,,,,0,0,0,0,NA,NA,NA,NA,NA
Japan,2022-01-27,Shūichi Gonda,90,GK,0,0,,0,0,,,,0,0,0,0,,,0,NA,0
Japan,2022-02-01,Yuya Osako,67,FW,0,0,,0,0,,,,0,0,0,0,NA,NA,NA,NA,NA
Japan,2022-02-01,Daizen Maeda,23,"FW,MF",0,0,,0,0,,,,0,0,0,0,NA,NA,NA,NA,NA
Japan,2022-02-01,Takumi Minamino,77,FW,1,0,,0,0,,,,0,0,0,0,NA,NA,NA,NA,NA
Japan,2022-02-01,Takuma Asano,13,"FW,MF",0,0,,0,0,,,,0,0,0,0,NA,NA,NA,NA,NA
Japan,2022-02-01,Junya Ito,90,FW,1,0,,0,0,,,,0,0,0,0,NA,NA,NA,NA,NA
Japan,2022-02-01,Hidemasa Morita,90,CM,0,0,,0,0,,,,0,0,0,0,NA,NA,NA,NA,NA
Japan,2022-02-01,Ao Tanaka,90,CM,0,0,,0,0,,,,0,0,0,0,NA,NA,NA,NA,NA
Japan,2022-02-01,Wataru Endo,89,DM,0,0,,0,0,,,,0,0,0,0,NA,NA,NA,NA,NA
Japan,2022-02-01,Genki Haraguchi,1,"FW,MF",0,0,,0,0,,,,0,0,0,0,NA,NA,NA,NA,NA
Japan,2022-02-01,Yuto Nagatomo,67,LB,0,0,,0,0,,,,0,0,0,0,NA,NA,NA,NA,NA
Japan,2022-02-01,Yuta Nakayama,23,"DF,MF",0,0,,0,0,,,,0,0,0,0,NA,NA,NA,NA,NA
Japan,2022-02-01,Shogo Taniguchi,90,CB,0,0,,0,0,,,,0,0,0,0,NA,NA,NA,NA,NA
Japan,2022-02-01,Ko Itakura,90,CB,0,0,,0,0,,,,1,0,0,0,NA,NA,NA,NA,NA
Japan,2022-02-01,Hiroki Sakai,90,RB,0,0,,0,0,,,,0,0,0,0,NA,NA,NA,NA,NA
Japan,2022-02-01,Shūichi Gonda,90,GK,0,0,,0,0,,,,0,0,0,0,,,0,NA,0
Japan,2022-03-24,Takuma Asano,63,FW,0,0,,0,0,,,,0,0,0,0,NA,NA,NA,NA,NA
Japan,2022-03-24,Ayase Ueda,27,FW,0,0,,0,0,,,,0,0,0,0,NA,NA,NA,NA,NA
Japan,2022-03-24,Takumi Minamino,83,FW,0,0,,0,0,,,,0,0,0,0,NA,NA,NA,NA,NA
Japan,2022-03-24,Kaoru Mitoma,7,"FW,MF",2,0,,0,0,,,,0,0,0,0,NA,NA,NA,NA,NA
Japan,2022-03-24,Junya Ito,90,FW,0,0,,0,0,,,,0,0,0,0,NA,NA,NA,NA,NA
Japan,2022-03-24,Hidemasa Morita,90,CM,0,0,,0,0,,,,0,0,0,0,NA,NA,NA,NA,NA
Japan,2022-03-24,Ao Tanaka,83,CM,0,0,,0,0,,,,0,0,0,0,NA,NA,NA,NA,NA
Japan,2022-03-24,Genki Haraguchi,7,"FW,MF",0,1,,0,0,,,,0,0,0,0,NA,NA,NA,NA,NA
Japan,2022-03-24,Wataru Endo,90,DM,0,0,,0,0,,,,0,0,0,0,NA,NA,NA,NA,NA
Japan,2022-03-24,Yuto Nagatomo,63,LB,0,0,,0,0,,,,1,0,0,0,NA,NA,NA,NA,NA
Japan,2022-03-24,Yuta Nakayama,27,"DF,MF",0,0,,0,0,,,,0,0,0,0,NA,NA,NA,NA,NA
Japan,2022-03-24,Maya Yoshida,90,CB,0,0,,0,0,,,,0,0,0,0,NA,NA,NA,NA,NA
Japan,2022-03-24,Ko Itakura,90,CB,0,0,,0,0,,,,0,0,0,0,NA,NA,NA,NA,NA
Japan,2022-03-24,Miki Yamane,90,RB,0,1,,0,0,,,,0,0,0,0,NA,NA,NA,NA,NA
Japan,2022-03-24,Shūichi Gonda,90,GK,0,0,,0,0,,,,0,0,0,0,,,0,NA,0
Japan,2022-03-29,Ayase Ueda,90,FW,0,0,,0,0,,,,0,0,0,1,NA,NA,NA,NA,NA
Japan,2022-03-29,Kaoru Mitoma,90,FW,0,0,,0,0,,,,0,0,0,1,NA,NA,NA,NA,NA
Japan,2022-03-29,Takefusa Kubo,61,FW,0,0,,0,0,,,,0,0,0,1,NA,NA,NA,NA,NA
Japan,2022-03-29,Takumi Minamino,29,"FW,MF",0,0,,0,0,,,,0,0,0,1,NA,NA,NA,NA,NA
Japan,2022-03-29,Reo Hatate,45,CM,0,0,,0,0,,,,0,0,0,1,NA,NA,NA,NA,NA
Japan,2022-03-29,Junya Ito,45,"FW,MF",0,0,,0,0,,,,0,0,0,1,NA,NA,NA,NA,NA
Japan,2022-03-29,Genki Haraguchi,61,CM,0,0,,0,0,,,,0,0,0,1,NA,NA,NA,NA,NA
Japan,2022-03-29,Hidemasa Morita,29,MF,0,0,,0,0,,,,0,0,0,1,NA,NA,NA,NA,NA
Japan,2022-03-29,Gaku Shibasaki,60,DM,0,0,,0,0,,,,1,0,0,1,NA,NA,NA,NA,NA
Japan,2022-03-29,Ao Tanaka,30,MF,0,0,,0,0,,,,0,0,0,1,NA,NA,NA,NA,NA
Japan,2022-03-29,Yuta Nakayama,90,LB,0,0,,0,0,,,,0,0,0,1,NA,NA,NA,NA,NA
Japan,2022-03-29,Shogo Taniguchi,90,CB,0,0,,0,0,,,,0,0,0,1,NA,NA,NA,NA,NA
Japan,2022-03-29,Maya Yoshida,90,CB,1,0,,0,0,,,,0,0,0,1,NA,NA,NA,NA,NA
Japan,2022-03-29,Miki Yamane,90,RB,0,0,,0,0,,,,0,0,0,1,NA,NA,NA,NA,NA
Japan,2022-03-29,Eiji Kawashima,90,GK,0,0,,0,0,,,,0,0,0,1,,,0,NA,0
Japan,2022-06-02,Takuma Asano,45,FW,1,0,,0,0,,,,0,0,0,1,NA,NA,NA,NA,NA
Japan,2022-06-02,Daizen Maeda,45,"FW,MF",0,0,,0,0,,,,0,0,0,1,NA,NA,NA,NA,NA
Japan,2022-06-02,Kaoru Mitoma,81,FW,1,0,,0,0,,,,0,0,0,1,NA,NA,NA,NA,NA
Japan,2022-06-02,Kyogo Furuhashi,9,"FW,MF",0,0,,0,0,,,,0,0,0,1,NA,NA,NA,NA,NA
Japan,2022-06-02,Ritsu Doan,70,FW,0,1,,0,1,,,,0,0,0,1,NA,NA,NA,NA,NA
Japan,2022-06-02,Takefusa Kubo,20,"FW,MF",0,0,,0,0,,,,0,0,0,1,NA,NA,NA,NA,NA
Japan,2022-06-02,Daichi Kamada,90,CM,1,1,,0,0,,,,0,0,0,1,NA,NA,NA,NA,NA
Japan,2022-06-02,Genki Haraguchi,61,CM,0,2,,0,0,,,,0,0,0,1,NA,NA,NA,NA,NA
Japan,2022-06-02,Ao Tanaka,29,MF,1,0,,0,0,,,,0,0,0,1,NA,NA,NA,NA,NA
Japan,2022-06-02,Wataru Endo,45,DM,0,0,,0,0,,,,0,0,0,1,NA,NA,NA,NA,NA
Japan,2022-06-02,Ko Itakura,45,DF,0,0,,0,0,,,,0,0,0,1,NA,NA,NA,NA,NA
Japan,2022-06-02,Hiroki Ito,90,LB,0,0,,0,0,,,,0,0,0,1,NA,NA,NA,NA,NA
Japan,2022-06-02,Maya Yoshida,45,CB,0,0,,0,0,,,,0,0,0,1,NA,NA,NA,NA,NA
Japan,2022-06-02,Yuta Nakayama,45,"DF,MF",0,0,,0,0,,,,0,0,0,1,NA,NA,NA,NA,NA
Japan,2022-06-02,Shogo Taniguchi,90,CB,0,0,,0,0,,,,0,0,0,1,NA,NA,NA,NA,NA
Japan,2022-06-02,Miki Yamane,90,RB,0,0,,0,0,,,,0,0,0,1,NA,NA,NA,NA,NA
Japan,2022-06-02,Daniel Schmidt,90,GK,0,0,,0,0,,,,0,0,0,1,,,0,NA,0
Japan,2022-09-27,Kyogo Furuhashi,45,FW,0,0,,0,0,,,,0,0,0,0,NA,NA,NA,NA,NA
Japan,2022-09-27,Ayase Ueda,45,FW,0,0,,0,0,,,,0,0,0,0,NA,NA,NA,NA,NA
Japan,2022-09-27,Kaoru Mitoma,65,AM,0,0,,0,0,,,,0,0,0,0,NA,NA,NA,NA,NA
Japan,2022-09-27,Yuki Soma,25,"FW,MF",0,0,,0,0,,,,0,0,0,0,NA,NA,NA,NA,NA
Japan,2022-09-27,Takumi Minamino,66,AM,0,0,,0,0,,,,0,0,0,0,NA,NA,NA,NA,NA
Japan,2022-09-27,Daichi Kamada,24,"FW,MF",0,0,,0,0,,,,0,0,0,0,NA,NA,NA,NA,NA
Japan,2022-09-27,Ritsu Doan,82,AM,0,0,,0,0,,,,0,0,0,0,NA,NA,NA,NA,NA
Japan,2022-09-27,Junya Ito,8,"FW,MF",0,0,,0,0,,,,0,0,0,0,NA,NA,NA,NA,NA
Japan,2022-09-27,Ao Tanaka,90,DM,0,0,,0,0,,,,0,0,0,0,NA,NA,NA,NA,NA
Japan,2022-09-27,Gaku Shibasaki,66,DM,0,0,,0,0,,,,0,0,0,0,NA,NA,NA,NA,NA
Japan,2022-09-27,Wataru Endo,24,"DF,MF",0,0,,0,0,,,,0,0,0,0,NA,NA,NA,NA,NA
Japan,2022-09-27,Yuto Nagatomo,83,LB,0,0,,0,0,,,,0,0,0,0,NA,NA,NA,NA,NA
Japan,2022-09-27,Maya Yoshida,7,DF,0,0,,0,0,,,,0,0,0,0,NA,NA,NA,NA,NA
Japan,2022-09-27,Hiroki Ito,90,CB,0,0,,0,0,,,,0,0,0,0,NA,NA,NA,NA,NA
Japan,2022-09-27,Shogo Taniguchi,90,CB,0,0,,0,0,,,,0,0,0,0,NA,NA,NA,NA,NA
Japan,2022-09-27,Miki Yamane,90,RB,0,0,,0,0,,,,0,0,0,0,NA,NA,NA,NA,NA
Japan,2022-09-27,Daniel Schmidt,90,GK,0,0,,0,0,,,,0,0,0,0,,,0,NA,0
Germany,2022-11-23,Kai Havertz,78,FW,0,0,0,0,0,0,0,1,0,0,0,2,NA,NA,NA,NA,NA
Germany,2022-11-23,Niclas Füllkrug,12,FW,0,0,0,0,0,1,0,0,0,0,0,2,NA,NA,NA,NA,NA
Germany,2022-11-23,Jamal Musiala,78,"LW,AM",0,0,0,0,0,3,0,1,0,0,0,2,NA,NA,NA,NA,NA
Germany,2022-11-23,Mario Götze,12,AM,0,0,0,0,0,0,0,0,0,0,0,2,NA,NA,NA,NA,NA
Germany,2022-11-23,Serge Gnabry,89,"RW,LW",0,0,0,0,0,6,3,1,0,0,0,2,NA,NA,NA,NA,NA
Germany,2022-11-23,Youssoufa Moukoko,1,LW,0,0,0,0,0,0,0,0,0,0,0,2,NA,NA,NA,NA,NA
Germany,2022-11-23,Thomas Müller,66,AM,0,0,0,0,0,0,0,2,0,0,0,2,NA,NA,NA,NA,NA
Germany,2022-11-23,Jonas Hofmann,24,RW,0,0,0,0,0,1,1,0,0,0,0,2,NA,NA,NA,NA,NA
Germany,2022-11-23,İlkay Gündoğan,66,DM,1,0,0,1,1,5,2,0,0,0,0,2,NA,NA,NA,NA,NA
Germany,2022-11-23,Leon Goretzka,24,DM,0,0,0,0,0,1,0,0,0,0,0,2,NA,NA,NA,NA,NA
Germany,2022-11-23,Joshua Kimmich,90,DM,0,0,0,0,0,4,2,0,0,0,0,2,NA,NA,NA,NA,NA
Germany,2022-11-23,David Raum,90,LB,0,0,1,0,0,0,0,3,0,0,0,2,NA,NA,NA,NA,NA
Germany,2022-11-23,Nico Schlotterbeck,90,CB,0,0,0,0,0,0,0,3,0,0,0,2,NA,NA,NA,NA,NA
Germany,2022-11-23,Antonio Rüdiger,90,CB,0,0,0,0,0,3,0,0,0,0,0,2,NA,NA,NA,NA,NA
Germany,2022-11-23,Niklas Süle,90,RB,0,0,0,0,0,1,0,0,0,0,0,2,NA,NA,NA,NA,NA
Germany,2022-11-23,Manuel Neuer,90,GK,0,0,0,0,0,0,0,0,0,0,0,2,2,50.0,0,NA,0
Japan,2022-11-23,Daizen Maeda,56,FW,0,0,0,0,0,1,0,1,0,0,0,1,NA,NA,NA,NA,NA
Japan,2022-11-23,Takuma Asano,34,FW,1,0,0,0,0,5,1,0,0,0,0,1,NA,NA,NA,NA,NA
Japan,2022-11-23,Takefusa Kubo,45,LW,0,0,0,0,0,0,0,1,0,0,0,1,NA,NA,NA,NA,NA
Japan,2022-11-23,Takehiro Tomiyasu,45,CB,0,0,0,0,0,0,0,0,0,0,0,1,NA,NA,NA,NA,NA
Japan,2022-11-23,Junya Ito,90,"RW,RM",0,0,0,0,0,1,1,2,0,0,0,1,NA,NA,NA,NA,NA
Japan,2022-11-23,Daichi Kamada,90,"AM,LW,CM",0,0,0,0,0,1,0,3,0,0,0,1,NA,NA,NA,NA,NA
Japan,2022-11-23,Ao Tanaka,70,"DM,CM",0,0,0,0,0,0,0,3,0,0,0,1,NA,NA,NA,NA,NA
Japan,2022-11-23,Ritsu Doan,20,"RW,CM",1,0,0,0,0,1,1,3,0,0,0,1,NA,NA,NA,NA,NA
Japan,2022-11-23,Wataru Endo,90,"CM,DM",0,0,0,0,0,0,0,4,0,0,0,1,NA,NA,NA,NA,NA
Japan,2022-11-23,Yuto Nagatomo,56,"LB,LM",0,0,0,0,0,0,0,0,0,0,0,1,NA,NA,NA,NA,NA
Japan,2022-11-23,Kaoru Mitoma,34,LM,0,0,0,0,0,0,0,4,0,0,0,1,NA,NA,NA,NA,NA
Japan,2022-11-23,Maya Yoshida,90,CB,0,0,0,0,0,0,0,0,0,0,0,1,NA,NA,NA,NA,NA
Japan,2022-11-23,Ko Itakura,90,CB,0,1,0,0,0,1,0,3,0,0,0,1,NA,NA,NA,NA,NA
Japan,2022-11-23,Hiroki Sakai,73,"RB,RM",0,0,0,0,0,1,0,4,0,0,0,1,NA,NA,NA,NA,NA
Japan,2022-11-23,Takumi Minamino,17,LW,0,0,0,0,0,1,1,1,0,0,0,1,NA,NA,NA,NA,NA
Japan,2022-11-23,Shūichi Gonda,90,GK,0,0,0,0,0,0,0,0,0,0,0,1,8,100.0,1,NA,0
Japan,2022-11-27,Ayase Ueda,45,FW,0,0,0,0,0,0,0,0,0,0,0,1,NA,NA,NA,NA,NA
Japan,2022-11-27,Takuma Asano,45,FW,0,0,0,0,0,2,1,0,0,0,0,1,NA,NA,NA,NA,NA
Japan,2022-11-27,Yuki Soma,81,"LW,RM,LM",0,0,0,0,0,3,0,2,0,0,0,1,NA,NA,NA,NA,NA
Japan,2022-11-27,Takumi Minamino,9,RW,0,0,0,0,0,0,0,1,0,0,0,1,NA,NA,NA,NA,NA
Japan,2022-11-27,Ritsu Doan,66,RW,0,0,0,0,0,1,0,3,0,0,0,1,NA,NA,NA,NA,NA
Japan,2022-11-27,Junya Ito,24,"RW,RM",0,0,0,0,0,0,0,0,0,0,0,1,NA,NA,NA,NA,NA
Japan,2022-11-27,Daichi Kamada,90,"LW,AM",0,0,0,0,0,2,1,0,0,0,0,1,NA,NA,NA,NA,NA
Japan,2022-11-27,Hidemasa Morita,90,"CM,DM",0,0,0,0,0,1,1,0,0,0,0,1,NA,NA,NA,NA,NA
Japan,2022-11-27,Wataru Endo,90,"CM,DM",0,0,0,0,0,3,0,2,1,0,0,1,NA,NA,NA,NA,NA
Japan,2022-11-27,Yuto Nagatomo,45,LB,0,0,0,0,0,0,0,1,0,0,0,1,NA,NA,NA,NA,NA
Japan,2022-11-27,Hiroki Ito,45,CB,0,0,0,0,0,0,0,0,0,0,0,1,NA,NA,NA,NA,NA
Japan,2022-11-27,Maya Yoshida,90,CB,0,0,0,0,0,0,0,1,0,0,0,1,NA,NA,NA,NA,NA
Japan,2022-11-27,Ko Itakura,90,CB,0,0,0,0,0,1,0,5,1,0,0,1,NA,NA,NA,NA,NA
Japan,2022-11-27,Miki Yamane,61,"RB,RM",0,0,0,0,0,0,0,1,1,0,0,1,NA,NA,NA,NA,NA
Japan,2022-11-27,Kaoru Mitoma,29,LM,0,0,0,0,0,0,0,1,0,0,0,1,NA,NA,NA,NA,NA
Japan,2022-11-27,Shūichi Gonda,90,GK,0,0,0,0,0,0,0,0,0,0,0,1,0,0.0,0,NA,0
Japan,2022-12-01,Daizen Maeda,61,FW,0,0,0,0,0,0,0,0,0,0,0,1,NA,NA,NA,NA,NA
Japan,2022-12-01,Takuma Asano,29,FW,0,0,0,0,0,1,0,0,0,0,0,1,NA,NA,NA,NA,NA
Japan,2022-12-01,Daichi Kamada,68,LW,0,0,0,0,0,1,0,2,0,0,0,1,NA,NA,NA,NA,NA
Japan,2022-12-01,Takehiro Tomiyasu,22,RM,0,0,0,0,0,0,0,0,0,0,0,1,NA,NA,NA,NA,NA
Japan,2022-12-01,Takefusa Kubo,45,RW,0,0,0,0,0,0,0,0,0,0,0,1,NA,NA,NA,NA,NA
Japan,2022-12-01,Ritsu Doan,45,RW,1,0,0,0,0,1,1,0,0,0,0,1,NA,NA,NA,NA,NA
Japan,2022-12-01,Yuto Nagatomo,45,LM,0,0,0,0,0,0,0,1,0,0,0,1,NA,NA,NA,NA,NA
Japan,2022-12-01,Kaoru Mitoma,45,LM,0,1,0,0,0,0,0,1,0,0,0,1,NA,NA,NA,NA,NA
Japan,2022-12-01,Hidemasa Morita,90,CM,0,0,0,0,0,0,0,0,0,0,0,1,NA,NA,NA,NA,NA
Japan,2022-12-01,Ao Tanaka,86,CM,1,0,0,0,0,1,1,0,0,0,0,1,NA,NA,NA,NA,NA
Japan,2022-12-01,Wataru Endo,4,CM,0,0,0,0,0,0,0,0,0,0,0,1,NA,NA,NA,NA,NA
Japan,2022-12-01,Junya Ito,90,"RM,LW",0,1,0,0,0,1,0,3,0,0,0,1,NA,NA,NA,NA,NA
Japan,2022-12-01,Shogo Taniguchi,90,CB,0,0,0,0,0,0,0,1,1,0,0,1,NA,NA,NA,NA,NA
Japan,2022-12-01,Maya Yoshida,90,CB,0,0,0,0,0,0,0,2,1,0,0,1,NA,NA,NA,NA,NA
Japan,2022-12-01,Ko Itakura,90,CB,0,0,0,0,0,1,1,1,1,0,0,1,NA,NA,NA,NA,NA
Japan,2022-12-01,Shūichi Gonda,90,GK,0,0,0,0,0,0,0,0,0,0,0,1,4,80.0,0,NA,0
Spain,2022-12-01,Álvaro Morata,56,FW,1,0,0,0,0,3,3,1,0,0,0,2,NA,NA,NA,NA,NA
Spain,2022-12-01,Marco Asensio,34,FW,0,0,0,0,0,3,1,0,0,0,0,2,NA,NA,NA,NA,NA
Spain,2022-12-01,Dani Olmo,90,"LW,RM",0,0,0,0,0,4,1,0,0,0,0,2,NA,NA,NA,NA,NA
Spain,2022-12-01,Nico Williams,56,RW,0,0,0,0,0,0,0,2,0,0,0,2,NA,NA,NA,NA,NA
Spain,2022-12-01,Ferrán Torres,34,RW,0,0,0,0,0,0,0,0,0,0,0,2,NA,NA,NA,NA,NA
Spain,2022-12-01,Pedri,90,LM,0,0,0,0,0,0,0,1,0,0,0,2,NA,NA,NA,NA,NA
Spain,2022-12-01,Sergio Busquets,90,CM,0,0,0,0,0,1,0,0,0,0,0,2,NA,NA,NA,NA,NA
Spain,2022-12-01,Gavi,67,RM,0,0,0,0,0,0,0,2,0,0,0,2,NA,NA,NA,NA,NA
Spain,2022-12-01,Ansu Fati,23,LW,0,0,0,0,0,0,0,0,0,0,0,2,NA,NA,NA,NA,NA
Spain,2022-12-01,Alejandro Balde,67,LB,0,0,0,0,0,0,0,3,0,0,0,2,NA,NA,NA,NA,NA
Spain,2022-12-01,Jordi Alba,23,LB,0,0,0,0,0,1,0,0,0,0,0,2,NA,NA,NA,NA,NA
Spain,2022-12-01,Pau Torres,90,CB,0,0,0,0,0,0,0,0,0,0,0,2,NA,NA,NA,NA,NA
Spain,2022-12-01,Rodri,90,CB,0,0,0,0,0,0,0,0,0,0,0,2,NA,NA,NA,NA,NA
Spain,2022-12-01,César Azpilicueta,45,RB,0,1,0,0,0,0,0,1,0,0,0,2,NA,NA,NA,NA,NA
Spain,2022-12-01,Dani Carvajal,45,RB,0,0,0,0,0,0,0,1,0,0,0,2,NA,NA,NA,NA,NA
Spain,2022-12-01,Unai Simón,90,GK,0,0,0,0,0,0,0,0,0,0,0,2,1,33.3,0,NA,0
Japan,2022-12-05,Daizen Maeda,63,FW,1,0,0,0,0,1,1,2,0,0,0,1,NA,NA,NA,NA,NA
Japan,2022-12-05,Takuma Asano,57,FW,0,0,0,0,0,0,0,0,0,0,0,1,NA,NA,NA,1,NA
Japan,2022-12-05,Daichi Kamada,74,LW,0,0,0,0,0,2,0,2,0,0,0,1,NA,NA,NA,NA,NA
Japan,2022-12-05,Hiroki Sakai,46,RM,0,0,0,0,0,0,0,1,0,0,0,1,NA,NA,NA,NA,NA
Japan,2022-12-05,Ritsu Doan,86,RW,0,0,0,0,0,1,1,0,0,0,0,1,NA,NA,NA,NA,NA
Japan,2022-12-05,Takumi Minamino,34,LW,0,0,0,0,0,1,0,0,0,0,0,1,NA,NA,NA,0,NA
Japan,2022-12-05,Yuto Nagatomo,63,LM,0,0,0,0,0,0,0,2,0,0,0,1,NA,NA,NA,NA,NA
Japan,2022-12-05,Kaoru Mitoma,57,LM,0,0,0,0,0,1,1,1,0,0,0,1,NA,NA,NA,0,NA
Japan,2022-12-05,Hidemasa Morita,105,CM,0,0,0,0,0,2,0,0,0,0,0,1,NA,NA,NA,NA,NA
Japan,2022-12-05,Ao Tanaka,15,CM,0,0,0,0,0,0,0,0,0,0,0,1,NA,NA,NA,NA,NA
Japan,2022-12-05,Wataru Endo,120,CM,0,0,0,0,0,3,1,2,0,0,0,1,NA,NA,NA,NA,NA
Japan,2022-12-05,Junya Ito,120,"RM,RW,LW",0,0,0,0,0,0,0,2,0,0,0,1,NA,NA,NA,NA,NA
Japan,2022-12-05,Shogo Taniguchi,120,CB,0,0,0,0,0,2,0,0,0,0,0,1,NA,NA,NA,NA,NA
Japan,2022-12-05,Maya Yoshida,120,CB,0,1,0,0,0,0,0,1,0,0,0,1,NA,NA,NA,0,NA
Japan,2022-12-05,Takehiro Tomiyasu,120,CB,0,0,0,0,0,0,0,0,0,0,0,1,NA,NA,NA,NA,NA
Japan,2022-12-05,Shūichi Gonda,120,GK,0,0,0,0,0,0,0,0,0,0,0,1,3,75.0,0,NA,1
Croatia,2022-12-05,Bruno Petković,61,FW,0,0,0,0,0,0,0,3,0,0,0,1,NA,NA,NA,NA,NA
Croatia,2022-12-05,Ante Budimir,44,FW,0,0,0,0,0,1,0,1,0,0,0,1,NA,NA,NA,NA,NA
Croatia,2022-12-05,Marko Livaja,15,FW,0,0,0,0,0,1,1,0,0,0,0,1,NA,NA,NA,0,NA
Croatia,2022-12-05,Ivan Perišić,105,LW,1,0,0,0,0,5,2,0,0,0,0,1,NA,NA,NA,NA,NA
Croatia,2022-12-05,Mislav Oršić,15,LW,0,0,0,0,0,1,0,0,0,0,0,1,NA,NA,NA,NA,NA
Croatia,2022-12-05,Andrej Kramarić,67,RW,0,0,0,0,0,2,0,1,0,0,0,1,NA,NA,NA,NA,NA
Croatia,2022-12-05,Mario Pašalić,53,RW,0,0,0,0,0,2,0,1,0,0,0,1,NA,NA,NA,1,NA
Croatia,2022-12-05,Mateo Kovačić,98,LM,0,0,0,0,0,1,0,3,1,0,0,1,NA,NA,NA,NA,NA
Croatia,2022-12-05,Nikola Vlašić,22,LM,0,0,0,0,0,0,0,0,0,0,0,1,NA,NA,NA,1,NA
Croatia,2022-12-05,Marcelo Brozović,120,CM,0,0,0,0,0,0,0,1,0,0,0,1,NA,NA,NA,1,NA
Croatia,2022-12-05,Luka Modrić,98,RM,0,0,0,0,0,1,1,1,0,0,0,1,NA,NA,NA,NA,NA
Croatia,2022-12-05,Lovro Majer,22,RM,0,0,0,0,0,1,0,0,0,0,0,1,NA,NA,NA,NA,NA
Croatia,2022-12-05,Borna Barišić,120,LB,0,0,0,0,0,1,0,1,1,0,0,1,NA,NA,NA,NA,NA
Croatia,2022-12-05,Joško Gvardiol,120,CB,0,0,0,0,0,1,0,1,0,0,0,1,NA,NA,NA,NA,NA
Croatia,2022-12-05,Dejan Lovren,120,CB,0,1,0,0,0,0,0,1,0,0,0,1,NA,NA,NA,NA,NA
Croatia,2022-12-05,Josip Juranović,120,RB,0,0,0,0,0,0,0,0,0,0,0,1,NA,NA,NA,NA,NA
Croatia,2022-12-05,Dominik Livaković,120,GK,0,0,0,0,0,0,0,0,0,0,0,1,3,75.0,0,NA,3
Japan,2023-03-24,Takuma Asano,60,FW,0,0,,0,0,,,,1,0,0,1,NA,NA,NA,NA,NA
Japan,2023-03-24,Ayase Ueda,30,FW,0,0,,0,0,,,,0,0,0,1,NA,NA,NA,NA,NA
Japan,2023-03-24,Kaoru Mitoma,88,AM,0,0,,0,0,,,,0,0,0,1,NA,NA,NA,NA,NA
Japan,2023-03-24,Daiki Hashioka,2,"DF,MF",0,0,,0,0,,,,0,0,0,1,NA,NA,NA,NA,NA
Japan,2023-03-24,Daichi Kamada,74,AM,0,0,,0,0,,,,0,0,0,1,NA,NA,NA,NA,NA
Japan,2023-03-24,Takuma Nishimura,16,"FW,MF",1,0,,0,0,,,,0,0,0,1,NA,NA,NA,NA,NA
Japan,2023-03-24,Ritsu Doan,60,AM,0,0,,0,0,,,,0,0,0,1,NA,NA,NA,NA,NA
Japan,2023-03-24,Junya Ito,30,"FW,MF",0,1,,0,0,,,,0,0,0,1,NA,NA,NA,NA,NA
Japan,2023-03-24,Hidemasa Morita,73,DM,0,0,,0,0,,,,0,0,0,1,NA,NA,NA,NA,NA
Japan,2023-03-24,Ao Tanaka,17,MF,0,0,,0,0,,,,0,0,0,1,NA,NA,NA,NA,NA
Japan,2023-03-24,Wataru Endo,90,DM,0,0,,0,0,,,,0,0,0,1,NA,NA,NA,NA,NA
Japan,2023-03-24,Hiroki Ito,90,LB,0,0,,0,0,,,,0,0,0,1,NA,NA,NA,NA,NA
Japan,2023-03-24,Ko Itakura,90,CB,0,0,,0,0,,,,0,0,0,1,NA,NA,NA,NA,NA
Japan,2023-03-24,Ayumu Seko,90,CB,0,0,,0,0,,,,0,0,0,1,NA,NA,NA,NA,NA
Japan,2023-03-24,Yukinari Sugawara,88,RB,0,0,,0,0,,,,0,0,0,1,NA,NA,NA,NA,NA
Japan,2023-03-24,Keito Nakamura,2,"FW,MF",0,0,,0,0,,,,0,0,0,1,NA,NA,NA,NA,NA
Japan,2023-03-24,Daniel Schmidt,90,GK,0,0,,0,0,,,,0,0,0,1,,,0,NA,0
Uruguay,2023-03-24,Maxi Gómez,83,FW,0,0,,0,0,,,,0,0,0,1,NA,NA,NA,NA,NA
Uruguay,2023-03-24,Jonathan Rodríguez,7,"FW,MF",0,0,,0,0,,,,0,0,0,1,NA,NA,NA,NA,NA
Uruguay,2023-03-24,Diego Rossi,67,AM,0,0,,0,0,,,,0,0,0,1,NA,NA,NA,NA,NA
Uruguay,2023-03-24,Facundo Torres,23,"FW,MF",0,0,,0,0,,,,0,0,0,1,NA,NA,NA,NA,NA
Uruguay,2023-03-24,Federico Valverde,90,AM,1,0,,0,0,,,,0,0,0,1,NA,NA,NA,NA,NA
Uruguay,2023-03-24,Facundo Pellistri,67,AM,0,0,,0,0,,,,0,0,0,1,NA,NA,NA,NA,NA
Uruguay,2023-03-24,Agustín Canobbio,23,"FW,MF",0,0,,0,0,,,,0,0,0,1,NA,NA,NA,NA,NA
Uruguay,2023-03-24,Matías Vecino,90,DM,0,0,,0,0,,,,0,0,0,1,NA,NA,NA,NA,NA
Uruguay,2023-03-24,Manuel Ugarte,76,DM,0,0,,0,0,,,,0,0,0,1,NA,NA,NA,NA,NA
Uruguay,2023-03-24,Felipe Carballo,14,MF,0,0,,0,0,,,,0,0,0,1,NA,NA,NA,NA,NA
Uruguay,2023-03-24,Mathías Olivera,90,LB,0,0,,0,0,,,,0,0,0,1,NA,NA,NA,NA,NA
Uruguay,2023-03-24,Sebastián Coates,90,CB,0,0,,0,0,,,,0,0,0,1,NA,NA,NA,NA,NA
Uruguay,2023-03-24,Santiago Bueno,90,CB,0,0,,0,0,,,,0,0,0,1,NA,NA,NA,NA,NA
Uruguay,2023-03-24,Giovanni González,90,RB,0,0,,0,0,,,,0,0,0,1,NA,NA,NA,NA,NA
Uruguay,2023-03-24,Sergio Rochet,90,GK,0,0,,0,0,,,,0,0,0,1,,,0,NA,0
Japan,2023-03-28,Takuma Nishimura,58,FW,0,0,,0,0,,,,0,0,0,2,NA,NA,NA,NA,NA
Japan,2023-03-28,Takefusa Kubo,32,"FW,MF",0,0,,0,0,,,,0,0,0,2,NA,NA,NA,NA,NA
Japan,2023-03-28,Shuto Machino,45,FW,0,0,,0,0,,,,0,0,0,2,NA,NA,NA,NA,NA
Japan,2023-03-28,Ayase Ueda,45,FW,0,0,,0,0,,,,0,0,0,2,NA,NA,NA,NA,NA
Japan,2023-03-28,Kaoru Mitoma,53,LM,1,0,,0,0,,,,0,0,0,2,NA,NA,NA,NA,NA
Japan,2023-03-28,Ritsu Doan,37,"FW,MF",0,0,,0,0,,,,0,0,0,2,NA,NA,NA,NA,NA
Japan,2023-03-28,Hidemasa Morita,77,CM,0,1,,0,0,,,,0,0,0,2,NA,NA,NA,NA,NA
Japan,2023-03-28,Takuma Asano,13,"FW,MF",0,0,,0,0,,,,0,0,0,2,NA,NA,NA,NA,NA
Japan,2023-03-28,Daichi Kamada,45,CM,0,0,,0,0,,,,0,0,0,2,NA,NA,NA,NA,NA
Japan,2023-03-28,Wataru Endo,45,"DF,MF",0,0,,0,0,,,,0,0,0,2,NA,NA,NA,NA,NA
Japan,2023-03-28,Junya Ito,90,RM,0,0,,0,0,,,,0,0,0,2,NA,NA,NA,NA,NA
Japan,2023-03-28,Kashif Bangunagande,58,LB,0,0,,0,0,,,,0,0,0,2,NA,NA,NA,NA,NA
Japan,2023-03-28,Ayumu Seko,32,"DF,MF",0,0,,0,0,,,,0,0,0,2,NA,NA,NA,NA,NA
Japan,2023-03-28,Hiroki Ito,90,CB,0,0,,0,0,,,,0,0,0,2,NA,NA,NA,NA,NA
Japan,2023-03-28,Ko Itakura,90,CB,0,0,,0,0,,,,0,0,0,2,NA,NA,NA,NA,NA
Japan,2023-03-28,Yukinari Sugawara,90,RB,0,0,,0,0,,,,1,0,0,2,NA,NA,NA,NA,NA
Japan,2023-03-28,Daniel Schmidt,90,GK,0,0,,0,0,,,,0,0,0,2,,,0,NA,0
Colombia,2023-03-28,Jorge Carrascal,88,FW,0,0,,0,0,,,,0,0,0,1,NA,NA,NA,NA,NA
Colombia,2023-03-28,Dylan Borrero,2,"FW,MF",0,0,,0,0,,,,0,0,0,1,NA,NA,NA,NA,NA
Colombia,2023-03-28,Rafael Borré,72,LW,1,0,,0,0,,,,0,0,0,1,NA,NA,NA,NA,NA
Colombia,2023-03-28,Radamel Falcao,18,FW,0,0,,0,0,,,,0,0,0,1,NA,NA,NA,NA,NA
Colombia,2023-03-28,Jhon Arias,71,AM,0,0,,0,0,,,,0,0,0,1,NA,NA,NA,NA,NA
Colombia,2023-03-28,Diego Valoyes,19,"FW,MF",0,0,,0,0,,,,1,0,0,1,NA,NA,NA,NA,NA
Colombia,2023-03-28,Mateus Uribe,90,AM,0,0,,0,0,,,,0,0,0,1,NA,NA,NA,NA,NA
Colombia,2023-03-28,Jáder Durán,82,RW,1,0,,0,0,,,,0,0,0,1,NA,NA,NA,NA,NA
Colombia,2023-03-28,Carlos Cuesta,8,DF,0,0,,0,0,,,,0,0,0,1,NA,NA,NA,NA,NA
Colombia,2023-03-28,Kevin Castaño,90,DM,0,0,,0,0,,,,0,0,0,1,NA,NA,NA,NA,NA
Colombia,2023-03-28,Deiver Machado,90,LB,0,1,,0,0,,,,1,0,0,1,NA,NA,NA,NA,NA
Colombia,2023-03-28,Jhon Lucumí,90,CB,0,0,,0,0,,,,0,0,0,1,NA,NA,NA,NA,NA
Colombia,2023-03-28,Davinson Sánchez,90,CB,0,0,,0,0,,,,0,0,0,1,NA,NA,NA,NA,NA
Colombia,2023-03-28,Daniel Muñoz,90,RB,0,0,,0,0,,,,0,0,0,1,NA,NA,NA,NA,NA
Colombia,2023-03-28,Camilo Vargas,90,GK,0,0,,0,0,,,,0,0,0,1,,,0,NA,0
Japan,2023-06-15,Ayase Ueda,64,FW,1,0,,1,1,,,,0,0,0,0,NA,NA,NA,NA,NA
Japan,2023-06-15,Kyogo Furuhashi,26,"FW,MF",1,0,,0,0,,,,0,0,0,0,NA,NA,NA,NA,NA
Japan,2023-06-15,Kaoru Mitoma,45,FW,0,1,,0,0,,,,0,0,0,0,NA,NA,NA,NA,NA
Japan,2023-06-15,Keito Nakamura,45,"FW,MF",1,0,,0,0,,,,0,0,0,0,NA,NA,NA,NA,NA
Japan,2023-06-15,Takefusa Kubo,64,FW,1,2,,0,0,,,,0,0,0,0,NA,NA,NA,NA,NA
Japan,2023-06-15,Takuma Asano,26,"FW,MF",0,0,,0,0,,,,0,0,0,0,NA,NA,NA,NA,NA
Japan,2023-06-15,Reo Hatate,90,CM,0,0,,0,0,,,,0,0,0,0,NA,NA,NA,NA,NA
Japan,2023-06-15,Ritsu Doan,64,CM,1,0,,0,0,,,,0,0,0,0,NA,NA,NA,NA,NA
Japan,2023-06-15,Hayao Kawabe,26,MF,0,0,,0,0,,,,0,0,0,0,NA,NA,NA,NA,NA
Japan,2023-06-15,Hidemasa Morita,75,DM,0,0,,0,0,,,,0,0,0,0,NA,NA,NA,NA,NA
Japan,2023-06-15,Atsuki Ito,15,MF,0,0,,0,0,,,,0,0,0,0,NA,NA,NA,NA,NA
Japan,2023-06-15,Ryoya Morishita,90,LB,0,0,,0,0,,,,0,0,0,0,NA,NA,NA,NA,NA
Japan,2023-06-15,Shogo Taniguchi,90,CB,1,0,,0,0,,,,0,0,0,0,NA,NA,NA,NA,NA
Japan,2023-06-15,Ko Itakura,90,CB,0,0,,0,0,,,,0,0,0,0,NA,NA,NA,NA,NA
Japan,2023-06-15,Yukinari Sugawara,45,RB,0,0,,0,0,,,,0,0,0,0,NA,NA,NA,NA,NA
Japan,2023-06-15,Yuki Soma,45,"FW,MF",0,1,,0,0,,,,0,0,0,0,NA,NA,NA,NA,NA
Japan,2023-06-15,Keisuke Ōsako,90,GK,0,0,,0,0,,,,0,0,0,0,,,0,NA,0
Japan,2023-06-20,Kaoru Mitoma,90,FW,1,1,,0,0,,,,0,0,0,1,NA,NA,NA,NA,NA
Japan,2023-06-20,Junya Ito,69,FW,1,0,,0,0,,,,0,0,0,1,NA,NA,NA,NA,NA
Japan,2023-06-20,Ritsu Doan,21,"FW,MF",0,0,,0,0,,,,0,0,0,1,NA,NA,NA,NA,NA
Japan,2023-06-20,Reo Hatate,45,FW,0,0,,0,0,,,,0,0,0,1,NA,NA,NA,NA,NA
Japan,2023-06-20,Hidemasa Morita,45,MF,0,0,,0,0,,,,0,0,0,1,NA,NA,NA,NA,NA
Japan,2023-06-20,Kyogo Furuhashi,58,CM,0,0,,0,0,,,,0,0,0,1,NA,NA,NA,NA,NA
Japan,2023-06-20,Daizen Maeda,32,"FW,MF",1,0,,0,0,,,,0,0,0,1,NA,NA,NA,NA,NA
Japan,2023-06-20,Hiroki Ito,90,CM,1,0,,0,0,,,,0,0,0,1,NA,NA,NA,NA,NA
Japan,2023-06-20,Daichi Kamada,69,CM,0,1,,0,0,,,,0,0,0,1,NA,NA,NA,NA,NA
Japan,2023-06-20,Takefusa Kubo,21,"FW,MF",0,0,,0,0,,,,0,0,0,1,NA,NA,NA,NA,NA
Japan,2023-06-20,Wataru Endo,79,LB,0,1,,0,0,,,,0,0,0,1,NA,NA,NA,NA,NA
Japan,2023-06-20,Ayumu Seko,11,"DF,MF",0,0,,0,0,,,,0,0,0,1,NA,NA,NA,NA,NA
Japan,2023-06-20,Shogo Taniguchi,90,CB,0,0,,0,0,,,,0,0,0,1,NA,NA,NA,NA,NA
Japan,2023-06-20,Ko Itakura,90,CB,0,0,,0,0,,,,0,0,0,1,NA,NA,NA,NA,NA
Japan,2023-06-20,Yukinari Sugawara,59,RB,0,0,,0,0,,,,0,0,0,1,NA,NA,NA,NA,NA
Japan,2023-06-20,Yuki Soma,31,"FW,MF",0,0,,0,0,,,,0,0,0,1,NA,NA,NA,NA,NA
Japan,2023-06-20,Kosuke Nakamura,90,GK,0,0,,0,0,,,,0,0,0,1,,,0,NA,0
Germany,2023-09-09,Kai Havertz,72,FW,0,0,,0,0,,,,0,0,0,4,NA,NA,NA,NA,NA
Germany,2023-09-09,Thomas Müller,18,"FW,MF",0,0,,0,0,,,,0,0,0,4,NA,NA,NA,NA,NA
Germany,2023-09-09,Serge Gnabry,80,AM,0,0,,0,0,,,,0,0,0,4,NA,NA,NA,NA,NA
Germany,2023-09-09,Kevin Schade,10,"FW,MF",0,0,,0,0,,,,0,0,0,4,NA,NA,NA,NA,NA
Germany,2023-09-09,Florian Wirtz,72,AM,0,1,,0,0,,,,0,0,0,4,NA,NA,NA,NA,NA
Germany,2023-09-09,Julian Brandt,18,"FW,MF",0,0,,0,0,,,,0,0,0,4,NA,NA,NA,NA,NA
Germany,2023-09-09,Leroy Sané,90,AM,1,0,,0,0,,,,0,0,0,4,NA,NA,NA,NA,NA
Germany,2023-09-09,Emre Can,63,DM,0,0,,0,0,,,,0,0,0,4,NA,NA,NA,NA,NA
Germany,2023-09-09,Pascal Groß,27,"DF,FW",0,0,,0,0,,,,0,0,0,4,NA,NA,NA,NA,NA
Germany,2023-09-09,İlkay Gündoğan,90,DM,0,0,,0,0,,,,0,0,0,4,NA,NA,NA,NA,NA
Germany,2023-09-09,Nico Schlotterbeck,63,LB,0,0,,0,0,,,,0,0,0,4,NA,NA,NA,NA,NA
Germany,2023-09-09,Robin Gosens,27,"DF,MF",0,0,,0,0,,,,1,0,0,4,NA,NA,NA,NA,NA
Germany,2023-09-09,Antonio Rüdiger,90,CB,0,0,,0,0,,,,0,0,0,4,NA,NA,NA,NA,NA
Germany,2023-09-09,Niklas Süle,90,CB,0,0,,0,0,,,,1,0,0,4,NA,NA,NA,NA,NA
Germany,2023-09-09,Joshua Kimmich,90,RB,0,0,,0,0,,,,0,0,0,4,NA,NA,NA,NA,NA
Germany,2023-09-09,Marc-André ter Stegen,90,GK,0,0,,0,0,,,,0,0,0,4,,,0,NA,0
Japan,2023-09-09,Ayase Ueda,58,FW,1,0,,0,0,,,,0,0,0,1,NA,NA,NA,NA,NA
Japan,2023-09-09,Takuma Asano,32,"FW,MF",1,0,,0,0,,,,0,0,0,1,NA,NA,NA,NA,NA
Japan,2023-09-09,Kaoru Mitoma,83,AM,0,0,,0,0,,,,0,0,0,1,NA,NA,NA,NA,NA
Japan,2023-09-09,Ritsu Doan,7,"FW,MF",0,0,,0,0,,,,0,0,0,1,NA,NA,NA,NA,NA
Japan,2023-09-09,Daichi Kamada,58,AM,0,0,,0,0,,,,0,0,0,1,NA,NA,NA,NA,NA
Japan,2023-09-09,Shogo Taniguchi,32,"DF,MF",0,0,,0,0,,,,0,0,0,1,NA,NA,NA,NA,NA
Japan,2023-09-09,Junya Ito,73,AM,1,1,,0,0,,,,0,0,0,1,NA,NA,NA,NA,NA
Japan,2023-09-09,Takefusa Kubo,17,"FW,MF",0,2,,0,0,,,,0,0,0,1,NA,NA,NA,NA,NA
Japan,2023-09-09,Hidemasa Morita,74,DM,0,0,,0,0,,,,0,0,0,1,NA,NA,NA,NA,NA
Japan,2023-09-09,Ao Tanaka,16,MF,1,0,,0,0,,,,0,0,0,1,NA,NA,NA,NA,NA
Japan,2023-09-09,Wataru Endo,90,DM,0,0,,0,0,,,,0,0,0,1,NA,NA,NA,NA,NA
Japan,2023-09-09,Hiroki Ito,90,LB,0,0,,0,0,,,,0,0,0,1,NA,NA,NA,NA,NA
Japan,2023-09-09,Takehiro Tomiyasu,90,CB,0,0,,0,0,,,,0,0,0,1,NA,NA,NA,NA,NA
Japan,2023-09-09,Ko Itakura,90,CB,0,0,,0,0,,,,1,0,0,1,NA,NA,NA,NA,NA
Japan,2023-09-09,Yukinari Sugawara,83,RB,0,0,,0,0,,,,0,0,0,1,NA,NA,NA,NA,NA
Japan,2023-09-09,Daiki Hashioka,7,"DF,MF",0,0,,0,0,,,,0,0,0,1,NA,NA,NA,NA,NA
Japan,2023-09-09,Keisuke Ōsako,90,GK,0,0,,0,0,,,,0,0,0,1,,,0,NA,0
Japan,2023-09-12,Kyogo Furuhashi,90,FW,0,0,,0,0,,,,0,0,0,,NA,NA,NA,NA,NA
Japan,2023-09-12,Keito Nakamura,45,AM,2,0,,0,0,,,,1,0,0,,NA,NA,NA,NA,NA
Japan,2023-09-12,Daizen Maeda,45,"FW,MF",0,0,,0,0,,,,0,0,0,,NA,NA,NA,NA,NA
Japan,2023-09-12,Takefusa Kubo,90,AM,0,0,,0,0,,,,1,0,0,,NA,NA,NA,NA,NA
Japan,2023-09-12,Ritsu Doan,45,AM,0,1,,0,0,,,,0,0,0,,NA,NA,NA,NA,NA
Japan,2023-09-12,Junya Ito,45,"FW,MF",1,0,,1,1,,,,0,0,0,,NA,NA,NA,NA,NA
Japan,2023-09-12,Atsuki Ito,63,DM,1,0,,0,0,,,,0,0,0,,NA,NA,NA,NA,NA
Japan,2023-09-12,Wataru Endo,27,"DF,MF",0,0,,0,0,,,,0,0,0,,NA,NA,NA,NA,NA
Japan,2023-09-12,Ao Tanaka,90,DM,0,0,,0,0,,,,0,0,0,,NA,NA,NA,NA,NA
Japan,2023-09-12,Hiroki Ito,90,LB,0,0,,0,0,,,,0,0,0,,NA,NA,NA,NA,NA
Japan,2023-09-12,Koki Machida,78,CB,0,0,,0,0,,,,0,0,0,,NA,NA,NA,NA,NA
Japan,2023-09-12,Takehiro Tomiyasu,12,DF,0,0,,0,0,,,,0,0,0,,NA,NA,NA,NA,NA
Japan,2023-09-12,Shogo Taniguchi,90,CB,0,0,,0,0,,,,0,0,0,,NA,NA,NA,NA,NA
Japan,2023-09-12,Seiya Maikuma,45,RB,0,1,,0,0,,,,1,0,0,,NA,NA,NA,NA,NA
Japan,2023-09-12,Daiki Hashioka,45,"DF,MF",0,0,,0,0,,,,0,0,0,,NA,NA,NA,NA,NA
Japan,2023-09-12,Kosuke Nakamura,44,GK,0,0,,0,0,,,,0,0,0,,,,0,NA,0
Japan,2023-09-12,Daniel Schmidt,46,GK,0,0,,0,0,,,,0,0,0,,,,0,NA,0
Japan,2023-10-17,Kyogo Furuhashi,45,FW,1,0,,0,0,,,,0,0,0,0,NA,NA,NA,NA,NA
Japan,2023-10-17,Ayase Ueda,45,FW,0,0,,0,0,,,,0,0,0,0,NA,NA,NA,NA,NA
Japan,2023-10-17,Reo Hatate,63,AM,0,0,,0,0,,,,0,0,0,0,NA,NA,NA,NA,NA
Japan,2023-10-17,Takuma Asano,27,"FW,MF",0,0,,0,0,,,,0,0,0,0,NA,NA,NA,NA,NA
Japan,2023-10-17,Takefusa Kubo,81,AM,0,1,,0,0,,,,0,0,0,0,NA,NA,NA,NA,NA
Japan,2023-10-17,Daiki Hashioka,9,"DF,MF",0,0,,0,0,,,,0,0,0,0,NA,NA,NA,NA,NA
Japan,2023-10-17,Junya Ito,71,AM,1,0,,0,0,,,,1,0,0,0,NA,NA,NA,NA,NA
Japan,2023-10-17,Takumi Minamino,19,"FW,MF",0,0,,0,0,,,,0,0,0,0,NA,NA,NA,NA,NA
Japan,2023-10-17,Hidemasa Morita,90,DM,0,0,,0,0,,,,0,0,0,0,NA,NA,NA,NA,NA
Japan,2023-10-17,Wataru Endo,90,DM,0,0,,0,0,,,,0,0,0,0,NA,NA,NA,NA,NA
Japan,2023-10-17,Yuta Nakayama,63,LB,0,0,,0,0,,,,0,0,0,0,NA,NA,NA,NA,NA
Japan,2023-10-17,Koki Machida,27,DF,0,0,,0,0,,,,0,0,0,0,NA,NA,NA,NA,NA
Japan,2023-10-17,Takehiro Tomiyasu,90,CB,0,0,,0,0,,,,0,0,0,0,NA,NA,NA,NA,NA
Japan,2023-10-17,Ko Itakura,71,CB,0,0,,0,0,,,,0,0,0,0,NA,NA,NA,NA,NA
Japan,2023-10-17,Shogo Taniguchi,19,"DF,MF",0,0,,0,0,,,,0,0,0,0,NA,NA,NA,NA,NA
Japan,2023-10-17,Yukinari Sugawara,90,RB,0,0,,0,0,,,,0,0,0,0,NA,NA,NA,NA,NA
Japan,2023-10-17,Zion Suzuki,90,GK,0,0,,0,0,,,,0,0,0,0,,,0,NA,0
Japan,2023-11-16,Ayase Ueda,66,FW,3,0,,0,0,,,,0,0,0,0,NA,NA,NA,NA,NA
Japan,2023-11-16,Hidemasa Morita,24,MF,0,1,,0,0,,,,0,0,0,0,NA,NA,NA,NA,NA
Japan,2023-11-16,Yuki Soma,90,FW,0,0,,0,0,,,,0,0,0,0,NA,NA,NA,NA,NA
Japan,2023-11-16,Ritsu Doan,90,FW,1,1,,0,0,,,,0,0,0,0,NA,NA,NA,NA,NA
Japan,2023-11-16,Takumi Minamino,66,CM,0,2,,0,0,,,,0,0,0,0,NA,NA,NA,NA,NA
Japan,2023-11-16,Mao Hosoya,24,FW,0,0,,0,0,,,,0,0,0,0,NA,NA,NA,NA,NA
Japan,2023-11-16,Daichi Kamada,45,CM,1,0,,0,0,,,,0,0,0,0,NA,NA,NA,NA,NA
Japan,2023-11-16,Kaishu Sano,45,MF,0,0,,0,0,,,,0,0,0,0,NA,NA,NA,NA,NA
Japan,2023-11-16,Ao Tanaka,90,DM,0,1,,0,0,,,,0,0,0,0,NA,NA,NA,NA,NA
Japan,2023-11-16,Yuta Nakayama,90,LB,0,0,,0,0,,,,0,0,0,0,NA,NA,NA,NA,NA
Japan,2023-11-16,Koki Machida,90,CB,0,0,,0,0,,,,0,0,0,0,NA,NA,NA,NA,NA
Japan,2023-11-16,Shogo Taniguchi,45,CB,0,0,,0,0,,,,0,0,0,0,NA,NA,NA,NA,NA
Japan,2023-11-16,Tsuyoshi Watanabe,45,DF,0,0,,0,0,,,,0,0,0,0,NA,NA,NA,NA,NA
Japan,2023-11-16,Seiya Maikuma,90,RB,0,0,,0,0,,,,0,0,0,0,NA,NA,NA,NA,NA
Japan,2023-11-16,Keisuke Ōsako,80,GK,0,0,,0,0,,,,0,0,0,0,,,0,NA,0
Japan,2023-11-16,Daiya Maekawa,10,GK,0,0,,0,0,,,,0,0,0,0,,,0,NA,0
Japan,2023-11-21,Ayase Ueda,65,FW,2,0,,0,0,,,,0,0,0,0,NA,NA,NA,NA,NA
Japan,2023-11-21,Mao Hosoya,25,FW,1,0,,0,0,,,,0,0,0,0,NA,NA,NA,NA,NA
Japan,2023-11-21,Takuma Asano,65,AM,0,0,,0,0,,,,0,0,0,0,NA,NA,NA,NA,NA
Japan,2023-11-21,Takumi Minamino,25,"FW,MF",0,0,,0,0,,,,0,0,0,0,NA,NA,NA,NA,NA
Japan,2023-11-21,Takefusa Kubo,74,AM,1,1,,0,0,,,,0,0,0,0,NA,NA,NA,NA,NA
Japan,2023-11-21,Ritsu Doan,16,"FW,MF",0,0,,0,0,,,,0,0,0,0,NA,NA,NA,NA,NA
Japan,2023-11-21,Junya Ito,90,AM,0,4,,0,0,,,,0,0,0,0,NA,NA,NA,NA,NA
Japan,2023-11-21,Hidemasa Morita,90,DM,0,0,,0,0,,,,0,0,0,0,NA,NA,NA,NA,NA
Japan,2023-11-21,Wataru Endo,82,DM,0,0,,0,0,,,,0,0,0,0,NA,NA,NA,NA,NA
Japan,2023-11-21,Ao Tanaka,8,MF,0,0,,0,0,,,,0,0,0,0,NA,NA,NA,NA,NA
Japan,2023-11-21,Hiroki Ito,90,LB,0,0,,0,0,,,,0,0,0,0,NA,NA,NA,NA,NA
Japan,2023-11-21,Takehiro Tomiyasu,75,CB,0,0,,0,0,,,,0,0,0,0,NA,NA,NA,NA,NA
Japan,2023-11-21,Koki Machida,15,DF,0,0,,0,0,,,,0,0,0,0,NA,NA,NA,NA,NA
Japan,2023-11-21,Shogo Taniguchi,90,CB,0,0,,0,0,,,,0,0,0,0,NA,NA,NA,NA,NA
Japan,2023-11-21,Yukinari Sugawara,90,RB,1,0,,0,0,,,,0,0,0,0,NA,NA,NA,NA,NA
Japan,2023-11-21,Zion Suzuki,90,GK,0,0,,0,0,,,,0,0,0,0,,,0,NA,0
Japan,2024-01-14,Mao Hosoya,45,FW,0,0,,0,0,1,1,0,0,0,0,2,NA,NA,NA,NA,NA
Japan,2024-01-14,Ayase Ueda,45,FW,1,0,,0,0,1,1,0,0,0,0,2,NA,NA,NA,NA,NA
Japan,2024-01-14,Keito Nakamura,62,AM,1,0,,0,0,1,1,0,0,0,0,2,NA,NA,NA,NA,NA
Japan,2024-01-14,Ritsu Doan,28,"FW,MF",0,0,,0,0,0,0,1,0,0,0,2,NA,NA,NA,NA,NA
Japan,2024-01-14,Takumi Minamino,83,AM,2,1,,0,0,5,3,1,0,0,0,2,NA,NA,NA,NA,NA
Japan,2024-01-14,Takefusa Kubo,7,"FW,MF",0,1,,0,0,0,0,0,0,0,0,2,NA,NA,NA,NA,NA
Japan,2024-01-14,Junya Ito,90,AM,0,0,,0,0,2,1,0,0,0,0,2,NA,NA,NA,NA,NA
Japan,2024-01-14,Hidemasa Morita,76,DM,0,0,,0,0,1,0,1,0,0,0,2,NA,NA,NA,NA,NA
Japan,2024-01-14,Kaishu Sano,14,MF,0,0,,0,0,0,0,0,0,0,0,2,NA,NA,NA,NA,NA
Japan,2024-01-14,Wataru Endo,90,DM,0,1,,0,0,0,0,0,0,0,0,2,NA,NA,NA,NA,NA
Japan,2024-01-14,Hiroki Ito,90,LB,0,0,,0,0,1,0,0,0,0,0,2,NA,NA,NA,NA,NA
Japan,2024-01-14,Shogo Taniguchi,90,CB,0,0,,0,0,0,0,0,0,0,0,2,NA,NA,NA,NA,NA
Japan,2024-01-14,Ko Itakura,90,CB,0,0,,0,0,1,0,1,0,0,0,2,NA,NA,NA,NA,NA
Japan,2024-01-14,Yukinari Sugawara,76,RB,0,0,,0,0,2,0,1,1,0,0,2,NA,NA,NA,NA,NA
Japan,2024-01-14,Seiya Maikuma,14,"DF,MF",0,0,,0,0,0,0,0,0,0,0,2,NA,NA,NA,NA,NA
Japan,2024-01-14,Zion Suzuki,90,GK,0,0,,0,0,0,0,0,0,0,0,2,1,33.3,0,NA,0
Japan,2024-01-19,Takuma Asano,60,FW,0,0,,0,0,1,0,0,0,0,0,2,NA,NA,NA,NA,NA
Japan,2024-01-19,Ayase Ueda,30,FW,0,0,,0,0,0,0,0,0,0,0,2,NA,NA,NA,NA,NA
Japan,2024-01-19,Takumi Minamino,90,AM,0,0,,0,0,0,0,1,0,0,0,2,NA,NA,NA,NA,NA
Japan,2024-01-19,Takefusa Kubo,60,AM,0,0,,0,0,0,0,1,0,0,0,2,NA,NA,NA,NA,NA
Japan,2024-01-19,Ritsu Doan,30,"FW,MF",0,0,,0,0,7,0,1,0,0,0,2,NA,NA,NA,NA,NA
Japan,2024-01-19,Junya Ito,73,AM,0,0,,0,0,0,0,1,1,0,0,2,NA,NA,NA,NA,NA
Japan,2024-01-19,Daizen Maeda,17,"FW,MF",0,0,,0,0,1,0,0,0,0,0,2,NA,NA,NA,NA,NA
Japan,2024-01-19,Hidemasa Morita,73,DM,0,0,,0,0,0,0,1,0,0,0,2,NA,NA,NA,NA,NA
Japan,2024-01-19,Reo Hatate,17,MF,0,1,,0,0,0,0,0,0,0,0,2,NA,NA,NA,NA,NA
Japan,2024-01-19,Wataru Endo,90,DM,1,0,,0,0,3,1,0,0,0,0,2,NA,NA,NA,NA,NA
Japan,2024-01-19,Hiroki Ito,90,LB,0,0,,0,0,1,0,0,0,0,0,2,NA,NA,NA,NA,NA
Japan,2024-01-19,Shogo Taniguchi,45,CB,0,0,,0,0,0,0,1,0,0,0,2,NA,NA,NA,NA,NA
Japan,2024-01-19,Takehiro Tomiyasu,45,DF,0,0,,0,0,1,0,0,0,0,0,2,NA,NA,NA,NA,NA
Japan,2024-01-19,Ko Itakura,90,CB,0,0,,0,0,1,1,0,0,0,0,2,NA,NA,NA,NA,NA
Japan,2024-01-19,Yukinari Sugawara,90,RB,0,0,,0,0,0,0,2,0,0,0,2,NA,NA,NA,NA,NA
Japan,2024-01-19,Zion Suzuki,90,GK,0,0,,0,0,0,0,0,0,0,0,2,1,33.3,0,NA,0
Japan,2024-01-24,Ayase Ueda,90,FW,2,0,,1,1,5,2,0,0,0,0,1,NA,NA,NA,NA,NA
Japan,2024-01-24,Keito Nakamura,67,FW,0,0,,0,0,2,0,0,0,0,0,1,NA,NA,NA,NA,NA
Japan,2024-01-24,Daizen Maeda,23,"FW,MF",0,0,,0,0,0,0,0,0,0,0,1,NA,NA,NA,NA,NA
Japan,2024-01-24,Ritsu Doan,85,FW,0,1,,0,0,3,0,1,0,0,0,1,NA,NA,NA,NA,NA
Japan,2024-01-24,Junya Ito,5,"FW,MF",0,0,,0,0,0,0,0,0,0,0,1,NA,NA,NA,NA,NA
Japan,2024-01-24,Reo Hatate,67,CM,0,0,,0,0,1,0,0,0,0,0,1,NA,NA,NA,NA,NA
Japan,2024-01-24,Takumi Minamino,23,"FW,MF",0,0,,0,0,0,0,1,1,0,0,1,NA,NA,NA,NA,NA
Japan,2024-01-24,Takefusa Kubo,81,CM,0,0,,0,0,2,0,1,0,0,0,1,NA,NA,NA,NA,NA
Japan,2024-01-24,Kaishu Sano,9,MF,0,0,,0,0,0,0,0,0,0,0,1,NA,NA,NA,NA,NA
Japan,2024-01-24,Wataru Endo,90,DM,0,0,,0,0,0,0,0,1,0,0,1,NA,NA,NA,NA,NA
Japan,2024-01-24,Yuta Nakayama,90,LB,0,0,,0,0,0,0,0,0,0,0,1,NA,NA,NA,NA,NA
Japan,2024-01-24,Koki Machida,90,CB,0,0,,0,0,1,0,2,0,0,0,1,NA,NA,NA,NA,NA
Japan,2024-01-24,Takehiro Tomiyasu,81,CB,0,0,,0,0,0,0,1,0,0,0,1,NA,NA,NA,NA,NA
Japan,2024-01-24,Tsuyoshi Watanabe,9,DF,0,0,,0,0,0,0,0,0,0,0,1,NA,NA,NA,NA,NA
Japan,2024-01-24,Seiya Maikuma,90,RB,0,0,,0,0,0,0,1,0,0,0,1,NA,NA,NA,NA,NA
Japan,2024-01-24,Zion Suzuki,90,GK,0,0,,0,0,0,0,0,0,0,0,1,0,0.0,0,NA,0
Japan,2024-01-31,Ayase Ueda,79,FW,1,0,,0,0,2,2,0,0,0,1,1,NA,NA,NA,NA,NA
Japan,2024-01-31,Takuma Asano,11,"FW,MF",0,0,,0,0,1,1,0,0,0,0,1,NA,NA,NA,NA,NA
Japan,2024-01-31,Keito Nakamura,67,FW,0,0,,0,0,2,0,0,0,0,0,1,NA,NA,NA,NA,NA
Japan,2024-01-31,Kaoru Mitoma,23,"FW,MF",0,0,,0,0,0,0,1,0,0,0,1,NA,NA,NA,NA,NA
Japan,2024-01-31,Ritsu Doan,79,FW,1,0,,0,0,1,1,1,0,0,0,1,NA,NA,NA,NA,NA
Japan,2024-01-31,Koki Machida,11,DF,0,0,,0,0,0,0,0,0,0,0,1,NA,NA,NA,NA,NA
Japan,2024-01-31,Reo Hatate,35,CM,0,0,,0,0,1,0,0,0,0,0,1,NA,NA,NA,NA,NA
Japan,2024-01-31,Hidemasa Morita,55,MF,0,0,,0,0,0,0,1,0,0,0,1,NA,NA,NA,NA,NA
Japan,2024-01-31,Takefusa Kubo,67,CM,1,0,,0,0,1,1,1,0,0,0,1,NA,NA,NA,NA,NA
Japan,2024-01-31,Takumi Minamino,23,"FW,MF",0,0,,0,0,1,0,1,0,0,0,1,NA,NA,NA,NA,NA
Japan,2024-01-31,Wataru Endo,90,DM,0,0,,0,0,1,0,0,0,0,0,1,NA,NA,NA,NA,NA
Japan,2024-01-31,Yuta Nakayama,90,LB,0,0,,0,0,1,0,3,0,0,0,1,NA,NA,NA,NA,NA
Japan,2024-01-31,Takehiro Tomiyasu,90,CB,0,0,,0,0,0,0,1,0,0,0,1,NA,NA,NA,NA,NA
Japan,2024-01-31,Ko Itakura,90,CB,0,0,,0,0,1,0,1,0,0,0,1,NA,NA,NA,NA,NA
Japan,2024-01-31,Seiya Maikuma,90,RB,0,1,,0,0,1,0,1,1,0,0,1,NA,NA,NA,NA,NA
Japan,2024-01-31,Zion Suzuki,90,GK,0,0,,0,0,0,0,0,0,0,0,1,2,66.7,0,NA,0
Japan,2024-02-03,Ayase Ueda,90,FW,0,0,,0,0,2,0,0,1,0,0,2,NA,NA,NA,NA,NA
Japan,2024-02-03,Daizen Maeda,66,AM,0,0,,0,0,0,0,3,0,0,0,2,NA,NA,NA,NA,NA
Japan,2024-02-03,Kaoru Mitoma,24,"FW,MF",0,0,,0,0,0,0,0,0,0,0,2,NA,NA,NA,NA,NA
Japan,2024-02-03,Takefusa Kubo,66,AM,0,0,,0,0,1,0,0,0,0,0,2,NA,NA,NA,NA,NA
Japan,2024-02-03,Takumi Minamino,24,"FW,MF",0,0,,0,0,0,0,0,0,0,0,2,NA,NA,NA,NA,NA
Japan,2024-02-03,Ritsu Doan,89,AM,0,0,,0,0,1,0,0,0,0,0,2,NA,NA,NA,NA,NA
Japan,2024-02-03,Takuma Asano,1,"FW,MF",0,0,,0,0,0,0,0,0,0,0,2,NA,NA,NA,NA,NA
Japan,2024-02-03,Hidemasa Morita,89,DM,1,0,,0,0,3,2,1,0,0,0,2,NA,NA,NA,NA,NA
Japan,2024-02-03,Mao Hosoya,1,FW,0,0,,0,0,0,0,0,0,0,0,2,NA,NA,NA,NA,NA
Japan,2024-02-03,Wataru Endo,90,DM,0,0,,0,0,0,0,0,0,0,0,2,NA,NA,NA,NA,NA
Japan,2024-02-03,Hiroki Ito,90,LB,0,0,,0,0,0,0,1,0,0,0,2,NA,NA,NA,NA,NA
Japan,2024-02-03,Takehiro Tomiyasu,90,CB,0,0,,0,0,0,0,0,0,0,0,2,NA,NA,NA,NA,NA
Japan,2024-02-03,Ko Itakura,90,CB,0,0,,0,0,1,0,0,1,0,0,2,NA,NA,NA,NA,NA
Japan,2024-02-03,Seiya Maikuma,90,RB,0,0,,0,0,0,0,0,0,0,0,2,NA,NA,NA,NA,NA
Japan,2024-02-03,Zion Suzuki,90,GK,0,0,,0,0,0,0,0,0,0,0,2,2,66.7,0,NA,0
Japan,2024-03-21,Ayase Ueda,80,FW,0,0,,0,0,,,,0,0,0,0,NA,NA,NA,NA,NA
Japan,2024-03-21,Koki Ogawa,10,FW,0,0,,0,0,,,,0,0,0,0,NA,NA,NA,NA,NA
Japan,2024-03-21,Daizen Maeda,90,AM,0,0,,0,0,,,,0,0,0,0,NA,NA,NA,NA,NA
Japan,2024-03-21,Takumi Minamino,72,AM,0,0,,0,0,,,,0,0,0,0,NA,NA,NA,NA,NA
Japan,2024-03-21,Takuma Asano,18,"FW,MF",0,0,,0,0,,,,0,0,0,0,NA,NA,NA,NA,NA
Japan,2024-03-21,Ritsu Doan,73,AM,0,1,,0,0,,,,0,0,0,0,NA,NA,NA,NA,NA
Japan,2024-03-21,Shogo Taniguchi,17,"DF,MF",0,0,,0,0,,,,0,0,0,0,NA,NA,NA,NA,NA
Japan,2024-03-21,Hidemasa Morita,57,DM,0,0,,0,0,,,,0,0,0,0,NA,NA,NA,NA,NA
Japan,2024-03-21,Wataru Endo,33,"DF,MF",0,0,,0,0,,,,0,0,0,0,NA,NA,NA,NA,NA
Japan,2024-03-21,Ao Tanaka,90,DM,1,0,,0,0,,,,0,0,0,0,NA,NA,NA,NA,NA
Japan,2024-03-21,Hiroki Ito,90,LB,0,0,,0,0,,,,1,0,0,0,NA,NA,NA,NA,NA
Japan,2024-03-21,Koki Machida,90,CB,0,0,,0,0,,,,0,0,0,0,NA,NA,NA,NA,NA
Japan,2024-03-21,Ko Itakura,90,CB,0,0,,0,0,,,,0,0,0,0,NA,NA,NA,NA,NA
Japan,2024-03-21,Yukinari Sugawara,73,RB,0,0,,0,0,,,,0,0,0,0,NA,NA,NA,NA,NA
Japan,2024-03-21,Daiki Hashioka,17,"DF,MF",0,0,,0,0,,,,0,0,0,0,NA,NA,NA,NA,NA
Japan,2024-03-21,Zion Suzuki,90,GK,0,0,,0,0,,,,0,0,0,0,,,0,NA,0
Japan,2024-06-06,Koki Ogawa,90,FW,2,1,,0,0,,,,0,0,0,0,NA,NA,NA,NA,NA
Japan,2024-06-06,Daichi Kamada,61,AM,0,1,,0,0,,,,0,0,0,0,NA,NA,NA,NA,NA
Japan,2024-06-06,Daizen Maeda,29,"FW,MF",0,0,,0,0,,,,1,0,0,0,NA,NA,NA,NA,NA
Japan,2024-06-06,Ritsu Doan,45,AM,1,0,,0,0,,,,0,0,0,0,NA,NA,NA,NA,NA
Japan,2024-06-06,Yuito Suzuki,45,"FW,MF",0,0,,0,0,,,,0,0,0,0,NA,NA,NA,NA,NA
Japan,2024-06-06,Keito Nakamura,90,DM,2,0,,0,0,,,,0,0,0,0,NA,NA,NA,NA,NA
Japan,2024-06-06,Reo Hatate,45,DM,0,0,,0,0,,,,0,0,0,0,NA,NA,NA,NA,NA
Japan,2024-06-06,Takumu Kawamura,45,MF,0,0,,0,0,,,,0,0,0,0,NA,NA,NA,NA,NA
Japan,2024-06-06,Hidemasa Morita,79,DM,0,0,,0,0,,,,0,0,0,0,NA,NA,NA,NA,NA
Japan,2024-06-06,Ko Itakura,11,DF,0,0,,0,0,,,,0,0,0,0,NA,NA,NA,NA,NA
Japan,2024-06-06,Yukinari Sugawara,61,DM,0,0,,0,0,,,,0,0,0,0,NA,NA,NA,NA,NA
Japan,2024-06-06,Yuki Soma,29,"FW,MF",0,1,,0,0,,,,0,0,0,0,NA,NA,NA,NA,NA
Japan,2024-06-06,Hiroki Ito,90,CB,0,0,,0,0,,,,0,0,0,0,NA,NA,NA,NA,NA
Japan,2024-06-06,Shogo Taniguchi,90,CB,0,0,,0,0,,,,0,0,0,0,NA,NA,NA,NA,NA
Japan,2024-06-06,Daiki Hashioka,90,CB,0,0,,0,0,,,,0,0,0,0,NA,NA,NA,NA,NA
Japan,2024-06-06,Daiya Maekawa,90,GK,0,0,,0,0,,,,0,0,0,0,,,0,NA,0
Japan,2024-06-11,Ayase Ueda,90,FW,1,0,,0,0,,,,0,0,0,0,NA,NA,NA,NA,NA
Japan,2024-06-11,Takumi Minamino,90,AM,1,0,,0,0,,,,0,0,0,0,NA,NA,NA,NA,NA
Japan,2024-06-11,Takefusa Kubo,61,AM,0,1,,0,0,,,,0,0,0,0,NA,NA,NA,NA,NA
Japan,2024-06-11,Yuki Soma,29,"FW,MF",1,0,,1,1,,,,0,0,0,0,NA,NA,NA,NA,NA
Japan,2024-06-11,Ritsu Doan,90,AM,1,0,,0,0,,,,0,0,0,0,NA,NA,NA,NA,NA
Japan,2024-06-11,Ao Tanaka,72,DM,0,0,,0,0,,,,0,0,0,0,NA,NA,NA,NA,NA
Japan,2024-06-11,Takumu Kawamura,18,MF,0,0,,0,0,,,,0,0,0,0,NA,NA,NA,NA,NA
Japan,2024-06-11,Wataru Endo,61,DM,0,0,,0,0,,,,0,0,0,0,NA,NA,NA,NA,NA
Japan,2024-06-11,Daichi Kamada,29,"FW,MF",0,0,,0,0,,,,1,0,0,0,NA,NA,NA,NA,NA
Japan,2024-06-11,Keito Nakamura,45,LB,0,1,,0,0,,,,0,0,0,0,NA,NA,NA,NA,NA
Japan,2024-06-11,Hiroki Ito,45,DF,0,1,,0,0,,,,0,0,0,0,NA,NA,NA,NA,NA
Japan,2024-06-11,Koki Machida,90,CB,0,0,,0,0,,,,0,0,0,0,NA,NA,NA,NA,NA
Japan,2024-06-11,Ko Itakura,90,CB,0,0,,0,0,,,,0,0,0,0,NA,NA,NA,NA,NA
Japan,2024-06-11,Takehiro Tomiyasu,90,RB,0,0,,0,0,,,,0,0,0,0,NA,NA,NA,NA,NA
Japan,2024-06-11,Keisuke Ōsako,75,GK,0,0,,0,0,,,,0,0,0,0,,,0,NA,0
Japan,2024-06-11,Kosei Tani,15,GK,0,0,,0,0,,,,0,0,0,0,,,0,NA,0
Japan,2024-09-05,Ayase Ueda,78,FW,0,1,,0,0,0,0,1,0,0,0,0,NA,NA,NA,NA,NA
Japan,2024-09-05,Koki Ogawa,12,FW,0,0,,0,0,1,0,0,0,0,0,0,NA,NA,NA,NA,NA
Japan,2024-09-05,Takumi Minamino,90,AM,2,0,,0,0,4,2,1,0,0,0,0,NA,NA,NA,NA,NA
Japan,2024-09-05,Takefusa Kubo,90,AM,1,2,,0,0,4,2,1,0,0,0,0,NA,NA,NA,NA,NA
Japan,2024-09-05,Kaoru Mitoma,62,DM,1,1,,0,0,1,1,0,0,0,0,0,NA,NA,NA,NA,NA
Japan,2024-09-05,Junya Ito,28,"FW,MF",1,2,,0,0,1,1,0,0,0,0,0,NA,NA,NA,NA,NA
Japan,2024-09-05,Hidemasa Morita,90,DM,0,0,,0,0,1,0,0,0,0,0,0,NA,NA,NA,NA,NA
Japan,2024-09-05,Wataru Endo,70,DM,1,0,,0,0,1,1,0,0,0,0,0,NA,NA,NA,NA,NA
Japan,2024-09-05,Ao Tanaka,20,MF,0,0,,0,0,0,0,0,0,0,0,0,NA,NA,NA,NA,NA
Japan,2024-09-05,Ritsu Doan,62,DM,0,1,,0,0,2,1,0,0,0,0,0,NA,NA,NA,NA,NA
Japan,2024-09-05,Daizen Maeda,28,"FW,MF",1,0,,0,0,1,1,0,0,0,0,0,NA,NA,NA,NA,NA
Japan,2024-09-05,Koki Machida,90,CB,0,0,,0,0,0,0,0,0,0,0,0,NA,NA,NA,NA,NA
Japan,2024-09-05,Shogo Taniguchi,90,CB,0,0,,0,0,0,0,1,0,0,0,0,NA,NA,NA,NA,NA
Japan,2024-09-05,Ko Itakura,70,CB,0,0,,0,0,1,0,0,0,0,0,0,NA,NA,NA,NA,NA
Japan,2024-09-05,Kōta Takai,20,DF,0,0,,0,0,0,0,0,0,0,0,0,NA,NA,NA,NA,NA
Japan,2024-09-05,Zion Suzuki,90,GK,0,0,,0,0,0,0,0,0,0,0,0,0,,0,NA,0
Japan,2024-09-10,Ayase Ueda,64,FW,2,1,,1,1,3,2,0,0,0,0,0,NA,NA,NA,NA,NA
Japan,2024-09-10,Koki Ogawa,26,FW,1,0,,0,0,3,2,0,0,0,0,0,NA,NA,NA,NA,NA
Japan,2024-09-10,Daichi Kamada,90,AM,0,0,,0,0,1,0,2,0,0,0,0,NA,NA,NA,NA,NA
Japan,2024-09-10,Takumi Minamino,64,AM,0,0,,0,0,1,1,1,0,0,0,0,NA,NA,NA,NA,NA
Japan,2024-09-10,Takefusa Kubo,26,"FW,MF",0,0,,0,0,1,0,0,0,0,0,0,NA,NA,NA,NA,NA
Japan,2024-09-10,Kaoru Mitoma,72,DM,0,1,,0,0,0,0,0,0,0,0,0,NA,NA,NA,NA,NA
Japan,2024-09-10,Keito Nakamura,18,"FW,MF",0,0,,0,0,1,1,0,0,0,0,0,NA,NA,NA,NA,NA
Japan,2024-09-10,Hidemasa Morita,80,DM,2,0,,0,0,2,2,0,0,0,0,0,NA,NA,NA,NA,NA
Japan,2024-09-10,Takuma Asano,10,"FW,MF",0,0,,0,0,0,0,0,0,0,0,0,NA,NA,NA,NA,NA
Japan,2024-09-10,Wataru Endo,90,DM,0,0,,0,0,0,0,1,0,0,0,0,NA,NA,NA,NA,NA
Japan,2024-09-10,Ritsu Doan,45,DM,0,0,,0,0,1,0,0,0,0,0,0,NA,NA,NA,NA,NA
Japan,2024-09-10,Junya Ito,45,"FW,MF",0,1,,0,0,1,1,2,0,0,0,0,NA,NA,NA,NA,NA
Japan,2024-09-10,Koki Machida,90,CB,0,0,,0,0,0,0,0,0,0,0,0,NA,NA,NA,NA,NA
Japan,2024-09-10,Shogo Taniguchi,90,CB,0,0,,0,0,0,0,1,0,0,0,0,NA,NA,NA,NA,NA
Japan,2024-09-10,Ko Itakura,90,CB,0,0,,0,0,0,0,1,0,0,0,0,NA,NA,NA,NA,NA
Japan,2024-09-10,Zion Suzuki,90,GK,0,0,,0,0,0,0,0,0,0,0,0,1,100.0,0,NA,0
Japan,2024-10-10,Ayase Ueda,75,FW,0,0,,0,0,2,1,0,0,0,0,0,NA,NA,NA,NA,NA
Japan,2024-10-10,Koki Ogawa,15,FW,1,0,,0,0,2,1,1,0,0,0,0,NA,NA,NA,NA,NA
Japan,2024-10-10,Daichi Kamada,62,AM,1,0,,0,0,1,1,0,0,0,0,0,NA,NA,NA,NA,NA
Japan,2024-10-10,Daizen Maeda,28,"FW,MF",0,0,,0,0,0,0,1,0,0,0,0,NA,NA,NA,NA,NA
Japan,2024-10-10,Takumi Minamino,45,AM,0,0,,0,0,0,0,0,1,0,0,0,NA,NA,NA,NA,NA
Japan,2024-10-10,Junya Ito,45,"FW,MF",0,1,,0,0,0,0,0,0,0,0,0,NA,NA,NA,NA,NA
Japan,2024-10-10,Kaoru Mitoma,87,DM,0,0,,0,0,1,0,3,0,0,0,0,NA,NA,NA,NA,NA
Japan,2024-10-10,Keito Nakamura,3,"FW,MF",0,0,,0,0,0,0,0,0,0,0,0,NA,NA,NA,NA,NA
Japan,2024-10-10,Hidemasa Morita,90,DM,0,1,,0,0,0,0,0,0,0,0,0,NA,NA,NA,NA,NA
Japan,2024-10-10,Wataru Endo,90,DM,0,0,,0,0,0,0,1,0,0,0,0,NA,NA,NA,NA,NA
Japan,2024-10-10,Ritsu Doan,87,DM,0,0,,0,0,1,0,0,0,0,0,0,NA,NA,NA,NA,NA
Japan,2024-10-10,Takefusa Kubo,3,"FW,MF",0,0,,0,0,0,0,0,0,0,0,0,NA,NA,NA,NA,NA
Japan,2024-10-10,Koki Machida,90,CB,0,0,,0,0,0,0,1,1,0,0,0,NA,NA,NA,NA,NA
Japan,2024-10-10,Shogo Taniguchi,90,CB,0,0,,0,0,0,0,0,0,0,0,0,NA,NA,NA,NA,NA
Japan,2024-10-10,Ko Itakura,90,CB,0,0,,0,0,0,0,1,0,0,0,0,NA,NA,NA,NA,NA
Japan,2024-10-10,Zion Suzuki,90,GK,0,0,,0,0,0,0,0,0,0,0,0,2,100.0,0,NA,0
Japan,2024-10-15,Ayase Ueda,82,FW,0,0,,0,0,1,1,0,0,0,0,1,NA,NA,NA,NA,NA
Japan,2024-10-15,Koki Ogawa,8,FW,0,0,,0,0,0,0,0,0,0,0,1,NA,NA,NA,NA,NA
Japan,2024-10-15,Takumi Minamino,69,AM,0,0,,0,0,2,0,0,0,0,0,1,NA,NA,NA,NA,NA
Japan,2024-10-15,Daichi Kamada,21,"FW,MF",0,0,,0,0,0,0,0,0,0,0,1,NA,NA,NA,NA,NA
Japan,2024-10-15,Takefusa Kubo,69,AM,0,0,,0,0,1,0,1,0,0,0,1,NA,NA,NA,NA,NA
Japan,2024-10-15,Keito Nakamura,21,"FW,MF",0,0,,0,0,0,0,1,0,0,0,1,NA,NA,NA,NA,NA
Japan,2024-10-15,Kaoru Mitoma,90,DM,0,0,,0,0,2,0,4,0,0,0,1,NA,NA,NA,NA,NA
Japan,2024-10-15,Hidemasa Morita,90,DM,0,0,,0,0,1,0,2,0,0,0,1,NA,NA,NA,NA,NA
Japan,2024-10-15,Ao Tanaka,90,DM,0,0,,0,0,2,1,2,0,0,0,1,NA,NA,NA,NA,NA
Japan,2024-10-15,Ritsu Doan,61,DM,0,0,,0,0,1,1,0,0,0,0,1,NA,NA,NA,NA,NA
Japan,2024-10-15,Junya Ito,29,"FW,MF",0,0,,0,0,0,0,1,0,0,0,1,NA,NA,NA,NA,NA
Japan,2024-10-15,Koki Machida,90,CB,0,0,,0,0,0,0,1,0,0,0,1,NA,NA,NA,NA,NA
Japan,2024-10-15,Shogo Taniguchi,90,CB,0,0,,0,0,1,0,0,0,0,1,1,NA,NA,NA,NA,NA
Japan,2024-10-15,Ko Itakura,90,CB,0,0,,0,0,1,0,3,0,0,0,1,NA,NA,NA,NA,NA
Japan,2024-10-15,Zion Suzuki,90,GK,0,0,,0,0,0,0,0,0,0,0,1,0,0.0,0,NA,0
Japan,2024-11-15,Koki Ogawa,79,FW,0,0,,0,0,1,0,0,0,0,0,0,NA,NA,NA,NA,NA
Japan,2024-11-15,Yuki Ohashi,11,"FW,MF",0,0,,0,0,1,0,0,0,0,0,0,NA,NA,NA,NA,NA
Japan,2024-11-15,Daichi Kamada,78,AM,0,0,,0,0,2,1,0,0,0,0,0,NA,NA,NA,NA,NA
Japan,2024-11-15,Reo Hatate,12,MF,0,0,,0,0,1,1,0,0,0,0,0,NA,NA,NA,NA,NA
Japan,2024-11-15,Takumi Minamino,45,AM,1,0,,0,0,1,1,1,0,0,0,0,NA,NA,NA,NA,NA
Japan,2024-11-15,Daizen Maeda,45,"FW,MF",0,0,,0,0,1,0,1,0,0,0,0,NA,NA,NA,NA,NA
Japan,2024-11-15,Kaoru Mitoma,61,DM,0,1,,0,0,1,0,1,1,0,0,0,NA,NA,NA,NA,NA
Japan,2024-11-15,Junya Ito,29,"FW,MF",0,0,,0,0,0,0,0,0,0,0,0,NA,NA,NA,NA,NA
Japan,2024-11-15,Hidemasa Morita,90,DM,1,0,,0,0,1,1,1,0,0,0,0,NA,NA,NA,NA,NA
Japan,2024-11-15,Wataru Endo,90,DM,0,0,,0,0,0,0,0,0,0,0,0,NA,NA,NA,NA,NA
Japan,2024-11-15,Ritsu Doan,61,DM,0,0,,0,0,1,1,2,0,0,0,0,NA,NA,NA,NA,NA
Japan,2024-11-15,Yukinari Sugawara,29,"DF,FW",1,0,,0,0,2,2,1,0,0,0,0,NA,NA,NA,NA,NA
Japan,2024-11-15,Koki Machida,90,CB,0,0,,0,0,0,0,0,0,0,0,0,NA,NA,NA,NA,NA
Japan,2024-11-15,Ko Itakura,90,CB,0,0,,0,0,0,0,0,0,0,0,0,NA,NA,NA,NA,NA
Japan,2024-11-15,Daiki Hashioka,90,CB,0,0,,0,0,0,0,1,0,0,0,0,NA,NA,NA,NA,NA
Japan,2024-11-15,Zion Suzuki,90,GK,0,0,,0,0,0,0,0,0,0,0,0,2,100.0,0,NA,0
Japan,2024-11-19,Koki Ogawa,76,FW,2,0,,0,0,3,3,0,0,0,0,1,NA,NA,NA,NA,NA
Japan,2024-11-19,Kyogo Furuhashi,14,"FW,MF",0,0,,0,0,1,0,0,0,0,0,1,NA,NA,NA,NA,NA
Japan,2024-11-19,Takumi Minamino,63,AM,0,0,,0,0,1,0,0,0,0,0,1,NA,NA,NA,NA,NA
Japan,2024-11-19,Daichi Kamada,27,"FW,MF",0,0,,0,0,0,0,0,0,0,0,1,NA,NA,NA,NA,NA
Japan,2024-11-19,Takefusa Kubo,84,AM,0,1,,0,0,1,1,0,0,0,0,1,NA,NA,NA,NA,NA
Japan,2024-11-19,Daizen Maeda,6,"FW,MF",0,0,,0,0,0,0,0,0,0,0,1,NA,NA,NA,NA,NA
Japan,2024-11-19,Keito Nakamura,63,DM,0,0,,0,0,1,0,0,0,0,0,1,NA,NA,NA,NA,NA
Japan,2024-11-19,Kaoru Mitoma,27,"FW,MF",0,0,,0,0,0,0,0,0,0,0,1,NA,NA,NA,NA,NA
Japan,2024-11-19,Ao Tanaka,90,DM,0,0,,0,0,2,0,5,0,0,0,1,NA,NA,NA,NA,NA
Japan,2024-11-19,Wataru Endo,90,DM,0,0,,0,0,0,0,2,0,0,0,1,NA,NA,NA,NA,NA
Japan,2024-11-19,Junya Ito,76,DM,0,1,,0,0,0,0,2,0,0,0,1,NA,NA,NA,NA,NA
Japan,2024-11-19,Daiki Hashioka,14,"DF,MF",0,0,,0,0,0,0,0,0,0,0,1,NA,NA,NA,NA,NA
Japan,2024-11-19,Koki Machida,90,CB,0,1,,0,0,1,0,0,0,0,0,1,NA,NA,NA,NA,NA
Japan,2024-11-19,Ko Itakura,90,CB,1,0,,0,0,1,1,2,0,0,0,1,NA,NA,NA,NA,NA
Japan,2024-11-19,Ayumu Seko,90,CB,0,0,,0,0,0,0,0,1,0,0,1,NA,NA,NA,NA,NA
Japan,2024-11-19,Zion Suzuki,90,GK,0,0,,0,0,0,0,0,0,0,0,1,2,66.7,0,NA,0
Japan,2025-03-20,Ayase Ueda,85,FW,0,0,,0,0,1,0,0,0,0,0,0,NA,NA,NA,NA,NA
Japan,2025-03-20,Shuto Machino,5,FW,0,0,,0,0,0,0,0,0,0,0,0,NA,NA,NA,NA,NA
Japan,2025-03-20,Takumi Minamino,62,AM,0,0,,0,0,1,0,0,0,0,0,0,NA,NA,NA,NA,NA
Japan,2025-03-20,Daichi Kamada,28,"FW,MF",1,0,,0,0,2,1,1,0,0,0,0,NA,NA,NA,NA,NA
Japan,2025-03-20,Takefusa Kubo,90,AM,1,1,,0,0,3,2,1,1,0,0,0,NA,NA,NA,NA,NA
Japan,2025-03-20,Kaoru Mitoma,75,DM,0,0,,0,0,1,0,0,0,0,0,0,NA,NA,NA,NA,NA
Japan,2025-03-20,Keito Nakamura,15,"FW,MF",0,0,,0,0,0,0,1,0,0,0,0,NA,NA,NA,NA,NA
Japan,2025-03-20,Hidemasa Morita,45,DM,0,0,,0,0,0,0,2,0,0,0,0,NA,NA,NA,NA,NA
Japan,2025-03-20,Ao Tanaka,45,MF,0,0,,0,0,0,0,0,0,0,0,0,NA,NA,NA,NA,NA
Japan,2025-03-20,Wataru Endo,90,DM,0,0,,0,0,0,0,1,0,0,0,0,NA,NA,NA,NA,NA
Japan,2025-03-20,Ritsu Doan,62,DM,0,0,,0,0,1,0,1,0,0,0,0,NA,NA,NA,NA,NA
Japan,2025-03-20,Junya Ito,28,"FW,MF",0,1,,0,0,1,1,0,0,0,0,0,NA,NA,NA,NA,NA
Japan,2025-03-20,Hiroki Ito,90,CB,0,0,,0,0,1,0,1,0,0,0,0,NA,NA,NA,NA,NA
Japan,2025-03-20,Ko Itakura,90,CB,0,0,,0,0,1,0,0,0,0,0,0,NA,NA,NA,NA,NA
Japan,2025-03-20,Ayumu Seko,90,CB,0,0,,0,0,0,0,0,0,0,0,0,NA,NA,NA,NA,NA
Japan,2025-03-20,Zion Suzuki,90,GK,0,0,,0,0,0,0,0,0,0,0,0,2,100.0,0,NA,0
Japan,2025-03-25,Daizen Maeda,72,FW,0,0,,0,0,4,1,0,0,0,0,0,NA,NA,NA,NA,NA
Japan,2025-03-25,Kyogo Furuhashi,18,"FW,MF",0,0,,0,0,0,0,0,0,0,0,0,NA,NA,NA,NA,NA
Japan,2025-03-25,Daichi Kamada,82,AM,0,0,,0,0,1,0,0,0,0,0,0,NA,NA,NA,NA,NA
Japan,2025-03-25,Takumi Minamino,8,"FW,MF",0,0,,0,0,0,0,0,0,0,0,0,NA,NA,NA,NA,NA
Japan,2025-03-25,Takefusa Kubo,61,AM,0,0,,0,0,1,0,0,0,0,0,0,NA,NA,NA,NA,NA
Japan,2025-03-25,Ritsu Doan,29,"FW,MF",0,0,,0,0,0,0,0,0,0,0,0,NA,NA,NA,NA,NA
Japan,2025-03-25,Keito Nakamura,90,DM,0,0,,0,0,1,0,0,0,0,0,0,NA,NA,NA,NA,NA
Japan,2025-03-25,Ao Tanaka,90,DM,0,0,,0,0,0,0,3,0,0,0,0,NA,NA,NA,NA,NA
Japan,2025-03-25,Wataru Endo,73,DM,0,0,,0,0,1,0,0,0,0,0,0,NA,NA,NA,NA,NA
Japan,2025-03-25,Reo Hatate,17,MF,0,0,,0,0,0,0,0,0,0,0,0,NA,NA,NA,NA,NA
Japan,2025-03-25,Yukinari Sugawara,61,DM,0,0,,0,0,1,0,0,0,0,0,0,NA,NA,NA,NA,NA
Japan,2025-03-25,Junya Ito,29,"FW,MF",0,0,,0,0,1,1,1,0,0,0,0,NA,NA,NA,NA,NA
Japan,2025-03-25,Hiroki Ito,90,CB,0,0,,0,0,1,0,1,0,0,0,0,NA,NA,NA,NA,NA
Japan,2025-03-25,Ko Itakura,90,CB,0,0,,0,0,1,0,0,0,0,0,0,NA,NA,NA,NA,NA
Japan,2025-03-25,Kōta Takai,90,CB,0,0,,0,0,0,0,0,0,0,0,0,NA,NA,NA,NA,NA
Japan,2025-03-25,Zion Suzuki,90,GK,0,0,,0,0,0,0,0,0,0,0,0,0,,0,NA,0
Japan,2025-06-05,Yuki Ohashi,69,FW,0,0,,0,0,2,0,0,0,0,0,1,NA,NA,NA,NA,NA
Japan,2025-06-05,Shuto Machino,21,FW,0,0,,0,0,1,0,0,0,0,0,1,NA,NA,NA,NA,NA
Japan,2025-06-05,Daichi Kamada,90,AM,0,0,,0,0,2,0,3,0,0,0,1,NA,NA,NA,NA,NA
Japan,2025-06-05,Yuito Suzuki,90,AM,0,0,,0,0,3,0,2,0,0,0,1,NA,NA,NA,NA,NA
Japan,2025-06-05,Kota Tawaratsumida,63,DM,0,0,,0,0,1,0,0,0,0,0,1,NA,NA,NA,NA,NA
Japan,2025-06-05,Keito Nakamura,27,"FW,MF",0,0,,0,0,1,0,0,0,0,0,1,NA,NA,NA,NA,NA
Japan,2025-06-05,Kaishu Sano,63,DM,0,0,,0,0,0,0,1,0,0,0,1,NA,NA,NA,NA,NA
Japan,2025-06-05,Takefusa Kubo,27,"FW,MF",0,0,,0,0,1,0,1,0,0,0,1,NA,NA,NA,NA,NA
Japan,2025-06-05,Joel Fujita,90,DM,0,0,,0,0,0,0,1,0,0,0,1,NA,NA,NA,NA,NA
Japan,2025-06-05,Yu Hirakawa,90,DM,0,0,,0,0,2,1,0,0,0,0,1,NA,NA,NA,NA,NA
Japan,2025-06-05,Koki Machida,45,CB,0,0,,0,0,0,0,0,0,0,0,1,NA,NA,NA,NA,NA
Japan,2025-06-05,Ayumu Seko,45,"DF,MF",0,0,,0,0,0,0,0,0,0,0,1,NA,NA,NA,NA,NA
Japan,2025-06-05,Tsuyoshi Watanabe,69,CB,0,0,,0,0,0,0,0,0,0,0,1,NA,NA,NA,NA,NA
Japan,2025-06-05,Kōta Takai,21,DF,0,0,,0,0,0,0,0,0,0,0,1,NA,NA,NA,NA,NA
Japan,2025-06-05,Hiroki Sekine,90,CB,0,0,,0,0,0,0,2,0,0,0,1,NA,NA,NA,NA,NA
Japan,2025-06-05,Kosei Tani,90,GK,0,0,,0,0,0,0,0,0,0,0,1,2,66.7,0,NA,0
Japan,2025-06-10,Shuto Machino,77,FW,1,2,,0,0,5,2,0,0,0,0,0,NA,NA,NA,NA,NA
Japan,2025-06-10,Kota Tawaratsumida,13,MF,0,0,,0,0,0,0,0,0,0,0,0,NA,NA,NA,NA,NA
Japan,2025-06-10,Daichi Kamada,45,AM,2,0,,0,0,2,2,1,0,0,0,0,NA,NA,NA,NA,NA
Japan,2025-06-10,Keito Nakamura,45,"FW,MF",0,0,,0,0,3,0,0,0,0,0,0,NA,NA,NA,NA,NA
Japan,2025-06-10,Takefusa Kubo,68,AM,1,2,,0,0,3,1,3,0,0,0,0,NA,NA,NA,NA,NA
Japan,2025-06-10,Ryūnosuke Satō,22,MF,0,0,,0,0,0,0,1,0,0,0,0,NA,NA,NA,NA,NA
Japan,2025-06-10,Shunsuke Mito,60,DM,0,1,,0,0,2,1,2,0,0,0,0,NA,NA,NA,NA,NA
Japan,2025-06-10,Kodai Sano,30,MF,0,0,,0,0,2,2,0,0,0,0,0,NA,NA,NA,NA,NA
Japan,2025-06-10,Kaishu Sano,90,DM,0,0,,0,0,1,0,1,0,0,0,0,NA,NA,NA,NA,NA
Japan,2025-06-10,Wataru Endo,90,DM,0,0,,0,0,1,0,0,0,0,0,0,NA,NA,NA,NA,NA
Japan,2025-06-10,Ryoya Morishita,68,DM,1,0,,0,0,1,1,0,0,0,0,0,NA,NA,NA,NA,NA
Japan,2025-06-10,Mao Hosoya,22,FW,1,0,,0,0,1,1,0,0,0,0,0,NA,NA,NA,NA,NA
Japan,2025-06-10,Junnosuke Suzuki,90,CB,0,0,,0,0,1,0,4,0,0,0,0,NA,NA,NA,NA,NA
Japan,2025-06-10,Ayumu Seko,90,CB,0,0,,0,0,0,0,0,0,0,0,0,NA,NA,NA,NA,NA
Japan,2025-06-10,Kōta Takai,90,CB,0,0,,0,0,0,0,3,0,0,0,0,NA,NA,NA,NA,NA
Japan,2025-06-10,Keisuke Ōsako,90,GK,0,0,,0,0,0,0,0,0,0,0,0,0,,0,NA,0
Japan,2025-10-10,Koki Ogawa,88,FW,0,0,,0,0,,,,0,0,0,2,NA,NA,NA,NA,NA
Japan,2025-10-10,Ayase Ueda,2,FW,1,0,,0,0,,,,0,0,0,2,NA,NA,NA,NA,NA
Japan,2025-10-10,Takumi Minamino,65,FW,0,0,,0,0,,,,0,0,0,2,NA,NA,NA,NA,NA
Japan,2025-10-10,Daichi Kamada,25,"FW,MF",0,0,,0,0,,,,0,0,0,2,NA,NA,NA,NA,NA
Japan,2025-10-10,Ritsu Doan,77,FW,0,0,,0,0,,,,0,0,0,2,NA,NA,NA,NA,NA
Japan,2025-10-10,Yuki Soma,13,"FW,MF",0,0,,0,0,,,,0,0,0,2,NA,NA,NA,NA,NA
Japan,2025-10-10,Keito Nakamura,65,LM,0,0,,0,0,,,,0,0,0,2,NA,NA,NA,NA,NA
Japan,2025-10-10,Koki Saito,25,"FW,MF",0,0,,0,0,,,,0,0,0,2,NA,NA,NA,NA,NA
Japan,2025-10-10,Ao Tanaka,77,CM,0,0,,0,0,,,,1,0,0,2,NA,NA,NA,NA,NA
Japan,2025-10-10,Shuto Machino,13,FW,0,0,,0,0,,,,0,0,0,2,NA,NA,NA,NA,NA
Japan,2025-10-10,Kaishu Sano,88,CM,0,0,,0,0,,,,0,0,0,2,NA,NA,NA,NA,NA
Japan,2025-10-10,Joel Fujita,2,MF,0,0,,0,0,,,,0,0,0,2,NA,NA,NA,NA,NA
Japan,2025-10-10,Junya Ito,90,RM,0,1,,0,0,,,,0,0,0,2,NA,NA,NA,NA,NA
Japan,2025-10-10,Junnosuke Suzuki,90,CB,0,0,,0,0,,,,0,0,0,2,NA,NA,NA,NA,NA
Japan,2025-10-10,Tsuyoshi Watanabe,90,CB,0,0,,0,0,,,,0,0,0,2,NA,NA,NA,NA,NA
Japan,2025-10-10,Ayumu Seko,90,CB,0,0,,0,0,,,,0,0,0,2,NA,NA,NA,NA,NA
Japan,2025-10-10,Zion Suzuki,90,GK,0,0,,0,0,,,,0,0,0,2,,,0,NA,0
